text,category
invoice gst tax amount due payment bill customer sample 1 document details record,Invoice
invoice gst tax amount due payment bill customer sample 2 document details record,Invoice
invoice gst tax amount due payment bill customer sample 3 document details record,Invoice
invoice gst tax amount due payment bill customer sample 4 document details record,Invoice
invoice gst tax amount due payment bill customer sample 5 document details record,Invoice
invoice gst tax amount due payment bill customer sample 6 document details record,Invoice
invoice gst tax amount due payment bill customer sample 7 document details record,Invoice
invoice gst tax amount due payment bill customer sample 8 document details record,Invoice
invoice gst tax amount due payment bill customer sample 9 document details record,Invoice
invoice gst tax amount due payment bill customer sample 10 document details record,Invoice
invoice gst tax amount due payment bill customer sample 11 document details record,Invoice
invoice gst tax amount due payment bill customer sample 12 document details record,Invoice
invoice gst tax amount due payment bill customer sample 13 document details record,Invoice
invoice gst tax amount due payment bill customer sample 14 document details record,Invoice
invoice gst tax amount due payment bill customer sample 15 document details record,Invoice
invoice gst tax amount due payment bill customer sample 16 document details record,Invoice
invoice gst tax amount due payment bill customer sample 17 document details record,Invoice
invoice gst tax amount due payment bill customer sample 18 document details record,Invoice
invoice gst tax amount due payment bill customer sample 19 document details record,Invoice
invoice gst tax amount due payment bill customer sample 20 document details record,Invoice
invoice gst tax amount due payment bill customer sample 21 document details record,Invoice
invoice gst tax amount due payment bill customer sample 22 document details record,Invoice
invoice gst tax amount due payment bill customer sample 23 document details record,Invoice
invoice gst tax amount due payment bill customer sample 24 document details record,Invoice
invoice gst tax amount due payment bill customer sample 25 document details record,Invoice
invoice gst tax amount due payment bill customer sample 26 document details record,Invoice
invoice gst tax amount due payment bill customer sample 27 document details record,Invoice
invoice gst tax amount due payment bill customer sample 28 document details record,Invoice
invoice gst tax amount due payment bill customer sample 29 document details record,Invoice
invoice gst tax amount due payment bill customer sample 30 document details record,Invoice
invoice gst tax amount due payment bill customer sample 31 document details record,Invoice
invoice gst tax amount due payment bill customer sample 32 document details record,Invoice
invoice gst tax amount due payment bill customer sample 33 document details record,Invoice
invoice gst tax amount due payment bill customer sample 34 document details record,Invoice
invoice gst tax amount due payment bill customer sample 35 document details record,Invoice
invoice gst tax amount due payment bill customer sample 36 document details record,Invoice
invoice gst tax amount due payment bill customer sample 37 document details record,Invoice
invoice gst tax amount due payment bill customer sample 38 document details record,Invoice
invoice gst tax amount due payment bill customer sample 39 document details record,Invoice
invoice gst tax amount due payment bill customer sample 40 document details record,Invoice
invoice gst tax amount due payment bill customer sample 41 document details record,Invoice
invoice gst tax amount due payment bill customer sample 42 document details record,Invoice
invoice gst tax amount due payment bill customer sample 43 document details record,Invoice
invoice gst tax amount due payment bill customer sample 44 document details record,Invoice
invoice gst tax amount due payment bill customer sample 45 document details record,Invoice
invoice gst tax amount due payment bill customer sample 46 document details record,Invoice
invoice gst tax amount due payment bill customer sample 47 document details record,Invoice
invoice gst tax amount due payment bill customer sample 48 document details record,Invoice
invoice gst tax amount due payment bill customer sample 49 document details record,Invoice
invoice gst tax amount due payment bill customer sample 50 document details record,Invoice
invoice gst tax amount due payment bill customer sample 51 document details record,Invoice
invoice gst tax amount due payment bill customer sample 52 document details record,Invoice
invoice gst tax amount due payment bill customer sample 53 document details record,Invoice
invoice gst tax amount due payment bill customer sample 54 document details record,Invoice
invoice gst tax amount due payment bill customer sample 55 document details record,Invoice
invoice gst tax amount due payment bill customer sample 56 document details record,Invoice
invoice gst tax amount due payment bill customer sample 57 document details record,Invoice
invoice gst tax amount due payment bill customer sample 58 document details record,Invoice
invoice gst tax amount due payment bill customer sample 59 document details record,Invoice
invoice gst tax amount due payment bill customer sample 60 document details record,Invoice
invoice gst tax amount due payment bill customer sample 61 document details record,Invoice
invoice gst tax amount due payment bill customer sample 62 document details record,Invoice
invoice gst tax amount due payment bill customer sample 63 document details record,Invoice
invoice gst tax amount due payment bill customer sample 64 document details record,Invoice
invoice gst tax amount due payment bill customer sample 65 document details record,Invoice
invoice gst tax amount due payment bill customer sample 66 document details record,Invoice
invoice gst tax amount due payment bill customer sample 67 document details record,Invoice
invoice gst tax amount due payment bill customer sample 68 document details record,Invoice
invoice gst tax amount due payment bill customer sample 69 document details record,Invoice
invoice gst tax amount due payment bill customer sample 70 document details record,Invoice
invoice gst tax amount due payment bill customer sample 71 document details record,Invoice
invoice gst tax amount due payment bill customer sample 72 document details record,Invoice
invoice gst tax amount due payment bill customer sample 73 document details record,Invoice
invoice gst tax amount due payment bill customer sample 74 document details record,Invoice
invoice gst tax amount due payment bill customer sample 75 document details record,Invoice
invoice gst tax amount due payment bill customer sample 76 document details record,Invoice
invoice gst tax amount due payment bill customer sample 77 document details record,Invoice
invoice gst tax amount due payment bill customer sample 78 document details record,Invoice
invoice gst tax amount due payment bill customer sample 79 document details record,Invoice
invoice gst tax amount due payment bill customer sample 80 document details record,Invoice
invoice gst tax amount due payment bill customer sample 81 document details record,Invoice
invoice gst tax amount due payment bill customer sample 82 document details record,Invoice
invoice gst tax amount due payment bill customer sample 83 document details record,Invoice
invoice gst tax amount due payment bill customer sample 84 document details record,Invoice
invoice gst tax amount due payment bill customer sample 85 document details record,Invoice
invoice gst tax amount due payment bill customer sample 86 document details record,Invoice
invoice gst tax amount due payment bill customer sample 87 document details record,Invoice
invoice gst tax amount due payment bill customer sample 88 document details record,Invoice
invoice gst tax amount due payment bill customer sample 89 document details record,Invoice
invoice gst tax amount due payment bill customer sample 90 document details record,Invoice
invoice gst tax amount due payment bill customer sample 91 document details record,Invoice
invoice gst tax amount due payment bill customer sample 92 document details record,Invoice
invoice gst tax amount due payment bill customer sample 93 document details record,Invoice
invoice gst tax amount due payment bill customer sample 94 document details record,Invoice
invoice gst tax amount due payment bill customer sample 95 document details record,Invoice
invoice gst tax amount due payment bill customer sample 96 document details record,Invoice
invoice gst tax amount due payment bill customer sample 97 document details record,Invoice
invoice gst tax amount due payment bill customer sample 98 document details record,Invoice
invoice gst tax amount due payment bill customer sample 99 document details record,Invoice
invoice gst tax amount due payment bill customer sample 100 document details record,Invoice
account number credit debit balance transaction statement sample 1 document details record,BankStatement
account number credit debit balance transaction statement sample 2 document details record,BankStatement
account number credit debit balance transaction statement sample 3 document details record,BankStatement
account number credit debit balance transaction statement sample 4 document details record,BankStatement
account number credit debit balance transaction statement sample 5 document details record,BankStatement
account number credit debit balance transaction statement sample 6 document details record,BankStatement
account number credit debit balance transaction statement sample 7 document details record,BankStatement
account number credit debit balance transaction statement sample 8 document details record,BankStatement
account number credit debit balance transaction statement sample 9 document details record,BankStatement
account number credit debit balance transaction statement sample 10 document details record,BankStatement
account number credit debit balance transaction statement sample 11 document details record,BankStatement
account number credit debit balance transaction statement sample 12 document details record,BankStatement
account number credit debit balance transaction statement sample 13 document details record,BankStatement
account number credit debit balance transaction statement sample 14 document details record,BankStatement
account number credit debit balance transaction statement sample 15 document details record,BankStatement
account number credit debit balance transaction statement sample 16 document details record,BankStatement
account number credit debit balance transaction statement sample 17 document details record,BankStatement
account number credit debit balance transaction statement sample 18 document details record,BankStatement
account number credit debit balance transaction statement sample 19 document details record,BankStatement
account number credit debit balance transaction statement sample 20 document details record,BankStatement
account number credit debit balance transaction statement sample 21 document details record,BankStatement
account number credit debit balance transaction statement sample 22 document details record,BankStatement
account number credit debit balance transaction statement sample 23 document details record,BankStatement
account number credit debit balance transaction statement sample 24 document details record,BankStatement
account number credit debit balance transaction statement sample 25 document details record,BankStatement
account number credit debit balance transaction statement sample 26 document details record,BankStatement
account number credit debit balance transaction statement sample 27 document details record,BankStatement
account number credit debit balance transaction statement sample 28 document details record,BankStatement
account number credit debit balance transaction statement sample 29 document details record,BankStatement
account number credit debit balance transaction statement sample 30 document details record,BankStatement
account number credit debit balance transaction statement sample 31 document details record,BankStatement
account number credit debit balance transaction statement sample 32 document details record,BankStatement
account number credit debit balance transaction statement sample 33 document details record,BankStatement
account number credit debit balance transaction statement sample 34 document details record,BankStatement
account number credit debit balance transaction statement sample 35 document details record,BankStatement
account number credit debit balance transaction statement sample 36 document details record,BankStatement
account number credit debit balance transaction statement sample 37 document details record,BankStatement
account number credit debit balance transaction statement sample 38 document details record,BankStatement
account number credit debit balance transaction statement sample 39 document details record,BankStatement
account number credit debit balance transaction statement sample 40 document details record,BankStatement
account number credit debit balance transaction statement sample 41 document details record,BankStatement
account number credit debit balance transaction statement sample 42 document details record,BankStatement
account number credit debit balance transaction statement sample 43 document details record,BankStatement
account number credit debit balance transaction statement sample 44 document details record,BankStatement
account number credit debit balance transaction statement sample 45 document details record,BankStatement
account number credit debit balance transaction statement sample 46 document details record,BankStatement
account number credit debit balance transaction statement sample 47 document details record,BankStatement
account number credit debit balance transaction statement sample 48 document details record,BankStatement
account number credit debit balance transaction statement sample 49 document details record,BankStatement
account number credit debit balance transaction statement sample 50 document details record,BankStatement
account number credit debit balance transaction statement sample 51 document details record,BankStatement
account number credit debit balance transaction statement sample 52 document details record,BankStatement
account number credit debit balance transaction statement sample 53 document details record,BankStatement
account number credit debit balance transaction statement sample 54 document details record,BankStatement
account number credit debit balance transaction statement sample 55 document details record,BankStatement
account number credit debit balance transaction statement sample 56 document details record,BankStatement
account number credit debit balance transaction statement sample 57 document details record,BankStatement
account number credit debit balance transaction statement sample 58 document details record,BankStatement
account number credit debit balance transaction statement sample 59 document details record,BankStatement
account number credit debit balance transaction statement sample 60 document details record,BankStatement
account number credit debit balance transaction statement sample 61 document details record,BankStatement
account number credit debit balance transaction statement sample 62 document details record,BankStatement
account number credit debit balance transaction statement sample 63 document details record,BankStatement
account number credit debit balance transaction statement sample 64 document details record,BankStatement
account number credit debit balance transaction statement sample 65 document details record,BankStatement
account number credit debit balance transaction statement sample 66 document details record,BankStatement
account number credit debit balance transaction statement sample 67 document details record,BankStatement
account number credit debit balance transaction statement sample 68 document details record,BankStatement
account number credit debit balance transaction statement sample 69 document details record,BankStatement
account number credit debit balance transaction statement sample 70 document details record,BankStatement
account number credit debit balance transaction statement sample 71 document details record,BankStatement
account number credit debit balance transaction statement sample 72 document details record,BankStatement
account number credit debit balance transaction statement sample 73 document details record,BankStatement
account number credit debit balance transaction statement sample 74 document details record,BankStatement
account number credit debit balance transaction statement sample 75 document details record,BankStatement
account number credit debit balance transaction statement sample 76 document details record,BankStatement
account number credit debit balance transaction statement sample 77 document details record,BankStatement
account number credit debit balance transaction statement sample 78 document details record,BankStatement
account number credit debit balance transaction statement sample 79 document details record,BankStatement
account number credit debit balance transaction statement sample 80 document details record,BankStatement
account number credit debit balance transaction statement sample 81 document details record,BankStatement
account number credit debit balance transaction statement sample 82 document details record,BankStatement
account number credit debit balance transaction statement sample 83 document details record,BankStatement
account number credit debit balance transaction statement sample 84 document details record,BankStatement
account number credit debit balance transaction statement sample 85 document details record,BankStatement
account number credit debit balance transaction statement sample 86 document details record,BankStatement
account number credit debit balance transaction statement sample 87 document details record,BankStatement
account number credit debit balance transaction statement sample 88 document details record,BankStatement
account number credit debit balance transaction statement sample 89 document details record,BankStatement
account number credit debit balance transaction statement sample 90 document details record,BankStatement
account number credit debit balance transaction statement sample 91 document details record,BankStatement
account number credit debit balance transaction statement sample 92 document details record,BankStatement
account number credit debit balance transaction statement sample 93 document details record,BankStatement
account number credit debit balance transaction statement sample 94 document details record,BankStatement
account number credit debit balance transaction statement sample 95 document details record,BankStatement
account number credit debit balance transaction statement sample 96 document details record,BankStatement
account number credit debit balance transaction statement sample 97 document details record,BankStatement
account number credit debit balance transaction statement sample 98 document details record,BankStatement
account number credit debit balance transaction statement sample 99 document details record,BankStatement
account number credit debit balance transaction statement sample 100 document details record,BankStatement
resume skills education experience projects certification sample 1 document details record,Resume
resume skills education experience projects certification sample 2 document details record,Resume
resume skills education experience projects certification sample 3 document details record,Resume
resume skills education experience projects certification sample 4 document details record,Resume
resume skills education experience projects certification sample 5 document details record,Resume
resume skills education experience projects certification sample 6 document details record,Resume
resume skills education experience projects certification sample 7 document details record,Resume
resume skills education experience projects certification sample 8 document details record,Resume
resume skills education experience projects certification sample 9 document details record,Resume
resume skills education experience projects certification sample 10 document details record,Resume
resume skills education experience projects certification sample 11 document details record,Resume
resume skills education experience projects certification sample 12 document details record,Resume
resume skills education experience projects certification sample 13 document details record,Resume
resume skills education experience projects certification sample 14 document details record,Resume
resume skills education experience projects certification sample 15 document details record,Resume
resume skills education experience projects certification sample 16 document details record,Resume
resume skills education experience projects certification sample 17 document details record,Resume
resume skills education experience projects certification sample 18 document details record,Resume
resume skills education experience projects certification sample 19 document details record,Resume
resume skills education experience projects certification sample 20 document details record,Resume
resume skills education experience projects certification sample 21 document details record,Resume
resume skills education experience projects certification sample 22 document details record,Resume
resume skills education experience projects certification sample 23 document details record,Resume
resume skills education experience projects certification sample 24 document details record,Resume
resume skills education experience projects certification sample 25 document details record,Resume
resume skills education experience projects certification sample 26 document details record,Resume
resume skills education experience projects certification sample 27 document details record,Resume
resume skills education experience projects certification sample 28 document details record,Resume
resume skills education experience projects certification sample 29 document details record,Resume
resume skills education experience projects certification sample 30 document details record,Resume
resume skills education experience projects certification sample 31 document details record,Resume
resume skills education experience projects certification sample 32 document details record,Resume
resume skills education experience projects certification sample 33 document details record,Resume
resume skills education experience projects certification sample 34 document details record,Resume
resume skills education experience projects certification sample 35 document details record,Resume
resume skills education experience projects certification sample 36 document details record,Resume
resume skills education experience projects certification sample 37 document details record,Resume
resume skills education experience projects certification sample 38 document details record,Resume
resume skills education experience projects certification sample 39 document details record,Resume
resume skills education experience projects certification sample 40 document details record,Resume
resume skills education experience projects certification sample 41 document details record,Resume
resume skills education experience projects certification sample 42 document details record,Resume
resume skills education experience projects certification sample 43 document details record,Resume
resume skills education experience projects certification sample 44 document details record,Resume
resume skills education experience projects certification sample 45 document details record,Resume
resume skills education experience projects certification sample 46 document details record,Resume
resume skills education experience projects certification sample 47 document details record,Resume
resume skills education experience projects certification sample 48 document details record,Resume
resume skills education experience projects certification sample 49 document details record,Resume
resume skills education experience projects certification sample 50 document details record,Resume
resume skills education experience projects certification sample 51 document details record,Resume
resume skills education experience projects certification sample 52 document details record,Resume
resume skills education experience projects certification sample 53 document details record,Resume
resume skills education experience projects certification sample 54 document details record,Resume
resume skills education experience projects certification sample 55 document details record,Resume
resume skills education experience projects certification sample 56 document details record,Resume
resume skills education experience projects certification sample 57 document details record,Resume
resume skills education experience projects certification sample 58 document details record,Resume
resume skills education experience projects certification sample 59 document details record,Resume
resume skills education experience projects certification sample 60 document details record,Resume
resume skills education experience projects certification sample 61 document details record,Resume
resume skills education experience projects certification sample 62 document details record,Resume
resume skills education experience projects certification sample 63 document details record,Resume
resume skills education experience projects certification sample 64 document details record,Resume
resume skills education experience projects certification sample 65 document details record,Resume
resume skills education experience projects certification sample 66 document details record,Resume
resume skills education experience projects certification sample 67 document details record,Resume
resume skills education experience projects certification sample 68 document details record,Resume
resume skills education experience projects certification sample 69 document details record,Resume
resume skills education experience projects certification sample 70 document details record,Resume
resume skills education experience projects certification sample 71 document details record,Resume
resume skills education experience projects certification sample 72 document details record,Resume
resume skills education experience projects certification sample 73 document details record,Resume
resume skills education experience projects certification sample 74 document details record,Resume
resume skills education experience projects certification sample 75 document details record,Resume
resume skills education experience projects certification sample 76 document details record,Resume
resume skills education experience projects certification sample 77 document details record,Resume
resume skills education experience projects certification sample 78 document details record,Resume
resume skills education experience projects certification sample 79 document details record,Resume
resume skills education experience projects certification sample 80 document details record,Resume
resume skills education experience projects certification sample 81 document details record,Resume
resume skills education experience projects certification sample 82 document details record,Resume
resume skills education experience projects certification sample 83 document details record,Resume
resume skills education experience projects certification sample 84 document details record,Resume
resume skills education experience projects certification sample 85 document details record,Resume
resume skills education experience projects certification sample 86 document details record,Resume
resume skills education experience projects certification sample 87 document details record,Resume
resume skills education experience projects certification sample 88 document details record,Resume
resume skills education experience projects certification sample 89 document details record,Resume
resume skills education experience projects certification sample 90 document details record,Resume
resume skills education experience projects certification sample 91 document details record,Resume
resume skills education experience projects certification sample 92 document details record,Resume
resume skills education experience projects certification sample 93 document details record,Resume
resume skills education experience projects certification sample 94 document details record,Resume
resume skills education experience projects certification sample 95 document details record,Resume
resume skills education experience projects certification sample 96 document details record,Resume
resume skills education experience projects certification sample 97 document details record,Resume
resume skills education experience projects certification sample 98 document details record,Resume
resume skills education experience projects certification sample 99 document details record,Resume
resume skills education experience projects certification sample 100 document details record,Resume
agreement contract terms conditions obligations clause sample 1 document details record,Contract
agreement contract terms conditions obligations clause sample 2 document details record,Contract
agreement contract terms conditions obligations clause sample 3 document details record,Contract
agreement contract terms conditions obligations clause sample 4 document details record,Contract
agreement contract terms conditions obligations clause sample 5 document details record,Contract
agreement contract terms conditions obligations clause sample 6 document details record,Contract
agreement contract terms conditions obligations clause sample 7 document details record,Contract
agreement contract terms conditions obligations clause sample 8 document details record,Contract
agreement contract terms conditions obligations clause sample 9 document details record,Contract
agreement contract terms conditions obligations clause sample 10 document details record,Contract
agreement contract terms conditions obligations clause sample 11 document details record,Contract
agreement contract terms conditions obligations clause sample 12 document details record,Contract
agreement contract terms conditions obligations clause sample 13 document details record,Contract
agreement contract terms conditions obligations clause sample 14 document details record,Contract
agreement contract terms conditions obligations clause sample 15 document details record,Contract
agreement contract terms conditions obligations clause sample 16 document details record,Contract
agreement contract terms conditions obligations clause sample 17 document details record,Contract
agreement contract terms conditions obligations clause sample 18 document details record,Contract
agreement contract terms conditions obligations clause sample 19 document details record,Contract
agreement contract terms conditions obligations clause sample 20 document details record,Contract
agreement contract terms conditions obligations clause sample 21 document details record,Contract
agreement contract terms conditions obligations clause sample 22 document details record,Contract
agreement contract terms conditions obligations clause sample 23 document details record,Contract
agreement contract terms conditions obligations clause sample 24 document details record,Contract
agreement contract terms conditions obligations clause sample 25 document details record,Contract
agreement contract terms conditions obligations clause sample 26 document details record,Contract
agreement contract terms conditions obligations clause sample 27 document details record,Contract
agreement contract terms conditions obligations clause sample 28 document details record,Contract
agreement contract terms conditions obligations clause sample 29 document details record,Contract
agreement contract terms conditions obligations clause sample 30 document details record,Contract
agreement contract terms conditions obligations clause sample 31 document details record,Contract
agreement contract terms conditions obligations clause sample 32 document details record,Contract
agreement contract terms conditions obligations clause sample 33 document details record,Contract
agreement contract terms conditions obligations clause sample 34 document details record,Contract
agreement contract terms conditions obligations clause sample 35 document details record,Contract
agreement contract terms conditions obligations clause sample 36 document details record,Contract
agreement contract terms conditions obligations clause sample 37 document details record,Contract
agreement contract terms conditions obligations clause sample 38 document details record,Contract
agreement contract terms conditions obligations clause sample 39 document details record,Contract
agreement contract terms conditions obligations clause sample 40 document details record,Contract
agreement contract terms conditions obligations clause sample 41 document details record,Contract
agreement contract terms conditions obligations clause sample 42 document details record,Contract
agreement contract terms conditions obligations clause sample 43 document details record,Contract
agreement contract terms conditions obligations clause sample 44 document details record,Contract
agreement contract terms conditions obligations clause sample 45 document details record,Contract
agreement contract terms conditions obligations clause sample 46 document details record,Contract
agreement contract terms conditions obligations clause sample 47 document details record,Contract
agreement contract terms conditions obligations clause sample 48 document details record,Contract
agreement contract terms conditions obligations clause sample 49 document details record,Contract
agreement contract terms conditions obligations clause sample 50 document details record,Contract
agreement contract terms conditions obligations clause sample 51 document details record,Contract
agreement contract terms conditions obligations clause sample 52 document details record,Contract
agreement contract terms conditions obligations clause sample 53 document details record,Contract
agreement contract terms conditions obligations clause sample 54 document details record,Contract
agreement contract terms conditions obligations clause sample 55 document details record,Contract
agreement contract terms conditions obligations clause sample 56 document details record,Contract
agreement contract terms conditions obligations clause sample 57 document details record,Contract
agreement contract terms conditions obligations clause sample 58 document details record,Contract
agreement contract terms conditions obligations clause sample 59 document details record,Contract
agreement contract terms conditions obligations clause sample 60 document details record,Contract
agreement contract terms conditions obligations clause sample 61 document details record,Contract
agreement contract terms conditions obligations clause sample 62 document details record,Contract
agreement contract terms conditions obligations clause sample 63 document details record,Contract
agreement contract terms conditions obligations clause sample 64 document details record,Contract
agreement contract terms conditions obligations clause sample 65 document details record,Contract
agreement contract terms conditions obligations clause sample 66 document details record,Contract
agreement contract terms conditions obligations clause sample 67 document details record,Contract
agreement contract terms conditions obligations clause sample 68 document details record,Contract
agreement contract terms conditions obligations clause sample 69 document details record,Contract
agreement contract terms conditions obligations clause sample 70 document details record,Contract
agreement contract terms conditions obligations clause sample 71 document details record,Contract
agreement contract terms conditions obligations clause sample 72 document details record,Contract
agreement contract terms conditions obligations clause sample 73 document details record,Contract
agreement contract terms conditions obligations clause sample 74 document details record,Contract
agreement contract terms conditions obligations clause sample 75 document details record,Contract
agreement contract terms conditions obligations clause sample 76 document details record,Contract
agreement contract terms conditions obligations clause sample 77 document details record,Contract
agreement contract terms conditions obligations clause sample 78 document details record,Contract
agreement contract terms conditions obligations clause sample 79 document details record,Contract
agreement contract terms conditions obligations clause sample 80 document details record,Contract
agreement contract terms conditions obligations clause sample 81 document details record,Contract
agreement contract terms conditions obligations clause sample 82 document details record,Contract
agreement contract terms conditions obligations clause sample 83 document details record,Contract
agreement contract terms conditions obligations clause sample 84 document details record,Contract
agreement contract terms conditions obligations clause sample 85 document details record,Contract
agreement contract terms conditions obligations clause sample 86 document details record,Contract
agreement contract terms conditions obligations clause sample 87 document details record,Contract
agreement contract terms conditions obligations clause sample 88 document details record,Contract
agreement contract terms conditions obligations clause sample 89 document details record,Contract
agreement contract terms conditions obligations clause sample 90 document details record,Contract
agreement contract terms conditions obligations clause sample 91 document details record,Contract
agreement contract terms conditions obligations clause sample 92 document details record,Contract
agreement contract terms conditions obligations clause sample 93 document details record,Contract
agreement contract terms conditions obligations clause sample 94 document details record,Contract
agreement contract terms conditions obligations clause sample 95 document details record,Contract
agreement contract terms conditions obligations clause sample 96 document details record,Contract
agreement contract terms conditions obligations clause sample 97 document details record,Contract
agreement contract terms conditions obligations clause sample 98 document details record,Contract
agreement contract terms conditions obligations clause sample 99 document details record,Contract
agreement contract terms conditions obligations clause sample 100 document details record,Contract
research methodology findings analysis abstract conclusion sample 1 document details record,Research
research methodology findings analysis abstract conclusion sample 2 document details record,Research
research methodology findings analysis abstract conclusion sample 3 document details record,Research
research methodology findings analysis abstract conclusion sample 4 document details record,Research
research methodology findings analysis abstract conclusion sample 5 document details record,Research
research methodology findings analysis abstract conclusion sample 6 document details record,Research
research methodology findings analysis abstract conclusion sample 7 document details record,Research
research methodology findings analysis abstract conclusion sample 8 document details record,Research
research methodology findings analysis abstract conclusion sample 9 document details record,Research
research methodology findings analysis abstract conclusion sample 10 document details record,Research
research methodology findings analysis abstract conclusion sample 11 document details record,Research
research methodology findings analysis abstract conclusion sample 12 document details record,Research
research methodology findings analysis abstract conclusion sample 13 document details record,Research
research methodology findings analysis abstract conclusion sample 14 document details record,Research
research methodology findings analysis abstract conclusion sample 15 document details record,Research
research methodology findings analysis abstract conclusion sample 16 document details record,Research
research methodology findings analysis abstract conclusion sample 17 document details record,Research
research methodology findings analysis abstract conclusion sample 18 document details record,Research
research methodology findings analysis abstract conclusion sample 19 document details record,Research
research methodology findings analysis abstract conclusion sample 20 document details record,Research
research methodology findings analysis abstract conclusion sample 21 document details record,Research
research methodology findings analysis abstract conclusion sample 22 document details record,Research
research methodology findings analysis abstract conclusion sample 23 document details record,Research
research methodology findings analysis abstract conclusion sample 24 document details record,Research
research methodology findings analysis abstract conclusion sample 25 document details record,Research
research methodology findings analysis abstract conclusion sample 26 document details record,Research
research methodology findings analysis abstract conclusion sample 27 document details record,Research
research methodology findings analysis abstract conclusion sample 28 document details record,Research
research methodology findings analysis abstract conclusion sample 29 document details record,Research
research methodology findings analysis abstract conclusion sample 30 document details record,Research
research methodology findings analysis abstract conclusion sample 31 document details record,Research
research methodology findings analysis abstract conclusion sample 32 document details record,Research
research methodology findings analysis abstract conclusion sample 33 document details record,Research
research methodology findings analysis abstract conclusion sample 34 document details record,Research
research methodology findings analysis abstract conclusion sample 35 document details record,Research
research methodology findings analysis abstract conclusion sample 36 document details record,Research
research methodology findings analysis abstract conclusion sample 37 document details record,Research
research methodology findings analysis abstract conclusion sample 38 document details record,Research
research methodology findings analysis abstract conclusion sample 39 document details record,Research
research methodology findings analysis abstract conclusion sample 40 document details record,Research
research methodology findings analysis abstract conclusion sample 41 document details record,Research
research methodology findings analysis abstract conclusion sample 42 document details record,Research
research methodology findings analysis abstract conclusion sample 43 document details record,Research
research methodology findings analysis abstract conclusion sample 44 document details record,Research
research methodology findings analysis abstract conclusion sample 45 document details record,Research
research methodology findings analysis abstract conclusion sample 46 document details record,Research
research methodology findings analysis abstract conclusion sample 47 document details record,Research
research methodology findings analysis abstract conclusion sample 48 document details record,Research
research methodology findings analysis abstract conclusion sample 49 document details record,Research
research methodology findings analysis abstract conclusion sample 50 document details record,Research
research methodology findings analysis abstract conclusion sample 51 document details record,Research
research methodology findings analysis abstract conclusion sample 52 document details record,Research
research methodology findings analysis abstract conclusion sample 53 document details record,Research
research methodology findings analysis abstract conclusion sample 54 document details record,Research
research methodology findings analysis abstract conclusion sample 55 document details record,Research
research methodology findings analysis abstract conclusion sample 56 document details record,Research
research methodology findings analysis abstract conclusion sample 57 document details record,Research
research methodology findings analysis abstract conclusion sample 58 document details record,Research
research methodology findings analysis abstract conclusion sample 59 document details record,Research
research methodology findings analysis abstract conclusion sample 60 document details record,Research
research methodology findings analysis abstract conclusion sample 61 document details record,Research
research methodology findings analysis abstract conclusion sample 62 document details record,Research
research methodology findings analysis abstract conclusion sample 63 document details record,Research
research methodology findings analysis abstract conclusion sample 64 document details record,Research
research methodology findings analysis abstract conclusion sample 65 document details record,Research
research methodology findings analysis abstract conclusion sample 66 document details record,Research
research methodology findings analysis abstract conclusion sample 67 document details record,Research
research methodology findings analysis abstract conclusion sample 68 document details record,Research
research methodology findings analysis abstract conclusion sample 69 document details record,Research
research methodology findings analysis abstract conclusion sample 70 document details record,Research
research methodology findings analysis abstract conclusion sample 71 document details record,Research
research methodology findings analysis abstract conclusion sample 72 document details record,Research
research methodology findings analysis abstract conclusion sample 73 document details record,Research
research methodology findings analysis abstract conclusion sample 74 document details record,Research
research methodology findings analysis abstract conclusion sample 75 document details record,Research
research methodology findings analysis abstract conclusion sample 76 document details record,Research
research methodology findings analysis abstract conclusion sample 77 document details record,Research
research methodology findings analysis abstract conclusion sample 78 document details record,Research
research methodology findings analysis abstract conclusion sample 79 document details record,Research
research methodology findings analysis abstract conclusion sample 80 document details record,Research
research methodology findings analysis abstract conclusion sample 81 document details record,Research
research methodology findings analysis abstract conclusion sample 82 document details record,Research
research methodology findings analysis abstract conclusion sample 83 document details record,Research
research methodology findings analysis abstract conclusion sample 84 document details record,Research
research methodology findings analysis abstract conclusion sample 85 document details record,Research
research methodology findings analysis abstract conclusion sample 86 document details record,Research
research methodology findings analysis abstract conclusion sample 87 document details record,Research
research methodology findings analysis abstract conclusion sample 88 document details record,Research
research methodology findings analysis abstract conclusion sample 89 document details record,Research
research methodology findings analysis abstract conclusion sample 90 document details record,Research
research methodology findings analysis abstract conclusion sample 91 document details record,Research
research methodology findings analysis abstract conclusion sample 92 document details record,Research
research methodology findings analysis abstract conclusion sample 93 document details record,Research
research methodology findings analysis abstract conclusion sample 94 document details record,Research
research methodology findings analysis abstract conclusion sample 95 document details record,Research
research methodology findings analysis abstract conclusion sample 96 document details record,Research
research methodology findings analysis abstract conclusion sample 97 document details record,Research
research methodology findings analysis abstract conclusion sample 98 document details record,Research
research methodology findings analysis abstract conclusion sample 99 document details record,Research
research methodology findings analysis abstract conclusion sample 100 document details record,Research
patient diagnosis treatment prescription clinical report sample 1 document details record,Medical
patient diagnosis treatment prescription clinical report sample 2 document details record,Medical
patient diagnosis treatment prescription clinical report sample 3 document details record,Medical
patient diagnosis treatment prescription clinical report sample 4 document details record,Medical
patient diagnosis treatment prescription clinical report sample 5 document details record,Medical
patient diagnosis treatment prescription clinical report sample 6 document details record,Medical
patient diagnosis treatment prescription clinical report sample 7 document details record,Medical
patient diagnosis treatment prescription clinical report sample 8 document details record,Medical
patient diagnosis treatment prescription clinical report sample 9 document details record,Medical
patient diagnosis treatment prescription clinical report sample 10 document details record,Medical
patient diagnosis treatment prescription clinical report sample 11 document details record,Medical
patient diagnosis treatment prescription clinical report sample 12 document details record,Medical
patient diagnosis treatment prescription clinical report sample 13 document details record,Medical
patient diagnosis treatment prescription clinical report sample 14 document details record,Medical
patient diagnosis treatment prescription clinical report sample 15 document details record,Medical
patient diagnosis treatment prescription clinical report sample 16 document details record,Medical
patient diagnosis treatment prescription clinical report sample 17 document details record,Medical
patient diagnosis treatment prescription clinical report sample 18 document details record,Medical
patient diagnosis treatment prescription clinical report sample 19 document details record,Medical
patient diagnosis treatment prescription clinical report sample 20 document details record,Medical
patient diagnosis treatment prescription clinical report sample 21 document details record,Medical
patient diagnosis treatment prescription clinical report sample 22 document details record,Medical
patient diagnosis treatment prescription clinical report sample 23 document details record,Medical
patient diagnosis treatment prescription clinical report sample 24 document details record,Medical
patient diagnosis treatment prescription clinical report sample 25 document details record,Medical
patient diagnosis treatment prescription clinical report sample 26 document details record,Medical
patient diagnosis treatment prescription clinical report sample 27 document details record,Medical
patient diagnosis treatment prescription clinical report sample 28 document details record,Medical
patient diagnosis treatment prescription clinical report sample 29 document details record,Medical
patient diagnosis treatment prescription clinical report sample 30 document details record,Medical
patient diagnosis treatment prescription clinical report sample 31 document details record,Medical
patient diagnosis treatment prescription clinical report sample 32 document details record,Medical
patient diagnosis treatment prescription clinical report sample 33 document details record,Medical
patient diagnosis treatment prescription clinical report sample 34 document details record,Medical
patient diagnosis treatment prescription clinical report sample 35 document details record,Medical
patient diagnosis treatment prescription clinical report sample 36 document details record,Medical
patient diagnosis treatment prescription clinical report sample 37 document details record,Medical
patient diagnosis treatment prescription clinical report sample 38 document details record,Medical
patient diagnosis treatment prescription clinical report sample 39 document details record,Medical
patient diagnosis treatment prescription clinical report sample 40 document details record,Medical
patient diagnosis treatment prescription clinical report sample 41 document details record,Medical
patient diagnosis treatment prescription clinical report sample 42 document details record,Medical
patient diagnosis treatment prescription clinical report sample 43 document details record,Medical
patient diagnosis treatment prescription clinical report sample 44 document details record,Medical
patient diagnosis treatment prescription clinical report sample 45 document details record,Medical
patient diagnosis treatment prescription clinical report sample 46 document details record,Medical
patient diagnosis treatment prescription clinical report sample 47 document details record,Medical
patient diagnosis treatment prescription clinical report sample 48 document details record,Medical
patient diagnosis treatment prescription clinical report sample 49 document details record,Medical
patient diagnosis treatment prescription clinical report sample 50 document details record,Medical
patient diagnosis treatment prescription clinical report sample 51 document details record,Medical
patient diagnosis treatment prescription clinical report sample 52 document details record,Medical
patient diagnosis treatment prescription clinical report sample 53 document details record,Medical
patient diagnosis treatment prescription clinical report sample 54 document details record,Medical
patient diagnosis treatment prescription clinical report sample 55 document details record,Medical
patient diagnosis treatment prescription clinical report sample 56 document details record,Medical
patient diagnosis treatment prescription clinical report sample 57 document details record,Medical
patient diagnosis treatment prescription clinical report sample 58 document details record,Medical
patient diagnosis treatment prescription clinical report sample 59 document details record,Medical
patient diagnosis treatment prescription clinical report sample 60 document details record,Medical
patient diagnosis treatment prescription clinical report sample 61 document details record,Medical
patient diagnosis treatment prescription clinical report sample 62 document details record,Medical
patient diagnosis treatment prescription clinical report sample 63 document details record,Medical
patient diagnosis treatment prescription clinical report sample 64 document details record,Medical
patient diagnosis treatment prescription clinical report sample 65 document details record,Medical
patient diagnosis treatment prescription clinical report sample 66 document details record,Medical
patient diagnosis treatment prescription clinical report sample 67 document details record,Medical
patient diagnosis treatment prescription clinical report sample 68 document details record,Medical
patient diagnosis treatment prescription clinical report sample 69 document details record,Medical
patient diagnosis treatment prescription clinical report sample 70 document details record,Medical
patient diagnosis treatment prescription clinical report sample 71 document details record,Medical
patient diagnosis treatment prescription clinical report sample 72 document details record,Medical
patient diagnosis treatment prescription clinical report sample 73 document details record,Medical
patient diagnosis treatment prescription clinical report sample 74 document details record,Medical
patient diagnosis treatment prescription clinical report sample 75 document details record,Medical
patient diagnosis treatment prescription clinical report sample 76 document details record,Medical
patient diagnosis treatment prescription clinical report sample 77 document details record,Medical
patient diagnosis treatment prescription clinical report sample 78 document details record,Medical
patient diagnosis treatment prescription clinical report sample 79 document details record,Medical
patient diagnosis treatment prescription clinical report sample 80 document details record,Medical
patient diagnosis treatment prescription clinical report sample 81 document details record,Medical
patient diagnosis treatment prescription clinical report sample 82 document details record,Medical
patient diagnosis treatment prescription clinical report sample 83 document details record,Medical
patient diagnosis treatment prescription clinical report sample 84 document details record,Medical
patient diagnosis treatment prescription clinical report sample 85 document details record,Medical
patient diagnosis treatment prescription clinical report sample 86 document details record,Medical
patient diagnosis treatment prescription clinical report sample 87 document details record,Medical
patient diagnosis treatment prescription clinical report sample 88 document details record,Medical
patient diagnosis treatment prescription clinical report sample 89 document details record,Medical
patient diagnosis treatment prescription clinical report sample 90 document details record,Medical
patient diagnosis treatment prescription clinical report sample 91 document details record,Medical
patient diagnosis treatment prescription clinical report sample 92 document details record,Medical
patient diagnosis treatment prescription clinical report sample 93 document details record,Medical
patient diagnosis treatment prescription clinical report sample 94 document details record,Medical
patient diagnosis treatment prescription clinical report sample 95 document details record,Medical
patient diagnosis treatment prescription clinical report sample 96 document details record,Medical
patient diagnosis treatment prescription clinical report sample 97 document details record,Medical
patient diagnosis treatment prescription clinical report sample 98 document details record,Medical
patient diagnosis treatment prescription clinical report sample 99 document details record,Medical
patient diagnosis treatment prescription clinical report sample 100 document details record,Medical
receipt payment received cashier transaction purchase sample 1 document details record,Receipt
receipt payment received cashier transaction purchase sample 2 document details record,Receipt
receipt payment received cashier transaction purchase sample 3 document details record,Receipt
receipt payment received cashier transaction purchase sample 4 document details record,Receipt
receipt payment received cashier transaction purchase sample 5 document details record,Receipt
receipt payment received cashier transaction purchase sample 6 document details record,Receipt
receipt payment received cashier transaction purchase sample 7 document details record,Receipt
receipt payment received cashier transaction purchase sample 8 document details record,Receipt
receipt payment received cashier transaction purchase sample 9 document details record,Receipt
receipt payment received cashier transaction purchase sample 10 document details record,Receipt
receipt payment received cashier transaction purchase sample 11 document details record,Receipt
receipt payment received cashier transaction purchase sample 12 document details record,Receipt
receipt payment received cashier transaction purchase sample 13 document details record,Receipt
receipt payment received cashier transaction purchase sample 14 document details record,Receipt
receipt payment received cashier transaction purchase sample 15 document details record,Receipt
receipt payment received cashier transaction purchase sample 16 document details record,Receipt
receipt payment received cashier transaction purchase sample 17 document details record,Receipt
receipt payment received cashier transaction purchase sample 18 document details record,Receipt
receipt payment received cashier transaction purchase sample 19 document details record,Receipt
receipt payment received cashier transaction purchase sample 20 document details record,Receipt
receipt payment received cashier transaction purchase sample 21 document details record,Receipt
receipt payment received cashier transaction purchase sample 22 document details record,Receipt
receipt payment received cashier transaction purchase sample 23 document details record,Receipt
receipt payment received cashier transaction purchase sample 24 document details record,Receipt
receipt payment received cashier transaction purchase sample 25 document details record,Receipt
receipt payment received cashier transaction purchase sample 26 document details record,Receipt
receipt payment received cashier transaction purchase sample 27 document details record,Receipt
receipt payment received cashier transaction purchase sample 28 document details record,Receipt
receipt payment received cashier transaction purchase sample 29 document details record,Receipt
receipt payment received cashier transaction purchase sample 30 document details record,Receipt
receipt payment received cashier transaction purchase sample 31 document details record,Receipt
receipt payment received cashier transaction purchase sample 32 document details record,Receipt
receipt payment received cashier transaction purchase sample 33 document details record,Receipt
receipt payment received cashier transaction purchase sample 34 document details record,Receipt
receipt payment received cashier transaction purchase sample 35 document details record,Receipt
receipt payment received cashier transaction purchase sample 36 document details record,Receipt
receipt payment received cashier transaction purchase sample 37 document details record,Receipt
receipt payment received cashier transaction purchase sample 38 document details record,Receipt
receipt payment received cashier transaction purchase sample 39 document details record,Receipt
receipt payment received cashier transaction purchase sample 40 document details record,Receipt
receipt payment received cashier transaction purchase sample 41 document details record,Receipt
receipt payment received cashier transaction purchase sample 42 document details record,Receipt
receipt payment received cashier transaction purchase sample 43 document details record,Receipt
receipt payment received cashier transaction purchase sample 44 document details record,Receipt
receipt payment received cashier transaction purchase sample 45 document details record,Receipt
receipt payment received cashier transaction purchase sample 46 document details record,Receipt
receipt payment received cashier transaction purchase sample 47 document details record,Receipt
receipt payment received cashier transaction purchase sample 48 document details record,Receipt
receipt payment received cashier transaction purchase sample 49 document details record,Receipt
receipt payment received cashier transaction purchase sample 50 document details record,Receipt
receipt payment received cashier transaction purchase sample 51 document details record,Receipt
receipt payment received cashier transaction purchase sample 52 document details record,Receipt
receipt payment received cashier transaction purchase sample 53 document details record,Receipt
receipt payment received cashier transaction purchase sample 54 document details record,Receipt
receipt payment received cashier transaction purchase sample 55 document details record,Receipt
receipt payment received cashier transaction purchase sample 56 document details record,Receipt
receipt payment received cashier transaction purchase sample 57 document details record,Receipt
receipt payment received cashier transaction purchase sample 58 document details record,Receipt
receipt payment received cashier transaction purchase sample 59 document details record,Receipt
receipt payment received cashier transaction purchase sample 60 document details record,Receipt
receipt payment received cashier transaction purchase sample 61 document details record,Receipt
receipt payment received cashier transaction purchase sample 62 document details record,Receipt
receipt payment received cashier transaction purchase sample 63 document details record,Receipt
receipt payment received cashier transaction purchase sample 64 document details record,Receipt
receipt payment received cashier transaction purchase sample 65 document details record,Receipt
receipt payment received cashier transaction purchase sample 66 document details record,Receipt
receipt payment received cashier transaction purchase sample 67 document details record,Receipt
receipt payment received cashier transaction purchase sample 68 document details record,Receipt
receipt payment received cashier transaction purchase sample 69 document details record,Receipt
receipt payment received cashier transaction purchase sample 70 document details record,Receipt
receipt payment received cashier transaction purchase sample 71 document details record,Receipt
receipt payment received cashier transaction purchase sample 72 document details record,Receipt
receipt payment received cashier transaction purchase sample 73 document details record,Receipt
receipt payment received cashier transaction purchase sample 74 document details record,Receipt
receipt payment received cashier transaction purchase sample 75 document details record,Receipt
receipt payment received cashier transaction purchase sample 76 document details record,Receipt
receipt payment received cashier transaction purchase sample 77 document details record,Receipt
receipt payment received cashier transaction purchase sample 78 document details record,Receipt
receipt payment received cashier transaction purchase sample 79 document details record,Receipt
receipt payment received cashier transaction purchase sample 80 document details record,Receipt
receipt payment received cashier transaction purchase sample 81 document details record,Receipt
receipt payment received cashier transaction purchase sample 82 document details record,Receipt
receipt payment received cashier transaction purchase sample 83 document details record,Receipt
receipt payment received cashier transaction purchase sample 84 document details record,Receipt
receipt payment received cashier transaction purchase sample 85 document details record,Receipt
receipt payment received cashier transaction purchase sample 86 document details record,Receipt
receipt payment received cashier transaction purchase sample 87 document details record,Receipt
receipt payment received cashier transaction purchase sample 88 document details record,Receipt
receipt payment received cashier transaction purchase sample 89 document details record,Receipt
receipt payment received cashier transaction purchase sample 90 document details record,Receipt
receipt payment received cashier transaction purchase sample 91 document details record,Receipt
receipt payment received cashier transaction purchase sample 92 document details record,Receipt
receipt payment received cashier transaction purchase sample 93 document details record,Receipt
receipt payment received cashier transaction purchase sample 94 document details record,Receipt
receipt payment received cashier transaction purchase sample 95 document details record,Receipt
receipt payment received cashier transaction purchase sample 96 document details record,Receipt
receipt payment received cashier transaction purchase sample 97 document details record,Receipt
receipt payment received cashier transaction purchase sample 98 document details record,Receipt
receipt payment received cashier transaction purchase sample 99 document details record,Receipt
receipt payment received cashier transaction purchase sample 100 document details record,Receipt
purchase order supplier quantity delivery procurement sample 1 document details record,PurchaseOrder
purchase order supplier quantity delivery procurement sample 2 document details record,PurchaseOrder
purchase order supplier quantity delivery procurement sample 3 document details record,PurchaseOrder
purchase order supplier quantity delivery procurement sample 4 document details record,PurchaseOrder
purchase order supplier quantity delivery procurement sample 5 document details record,PurchaseOrder
purchase order supplier quantity delivery procurement sample 6 document details record,PurchaseOrder
purchase order supplier quantity delivery procurement sample 7 document details record,PurchaseOrder
purchase order supplier quantity delivery procurement sample 8 document details record,PurchaseOrder
purchase order supplier quantity delivery procurement sample 9 document details record,PurchaseOrder
purchase order supplier quantity delivery procurement sample 10 document details record,PurchaseOrder
purchase order supplier quantity delivery procurement sample 11 document details record,PurchaseOrder
purchase order supplier quantity delivery procurement sample 12 document details record,PurchaseOrder
purchase order supplier quantity delivery procurement sample 13 document details record,PurchaseOrder
purchase order supplier quantity delivery procurement sample 14 document details record,PurchaseOrder
purchase order supplier quantity delivery procurement sample 15 document details record,PurchaseOrder
purchase order supplier quantity delivery procurement sample 16 document details record,PurchaseOrder
purchase order supplier quantity delivery procurement sample 17 document details record,PurchaseOrder
purchase order supplier quantity delivery procurement sample 18 document details record,PurchaseOrder
purchase order supplier quantity delivery procurement sample 19 document details record,PurchaseOrder
purchase order supplier quantity delivery procurement sample 20 document details record,PurchaseOrder
purchase order supplier quantity delivery procurement sample 21 document details record,PurchaseOrder
purchase order supplier quantity delivery procurement sample 22 document details record,PurchaseOrder
purchase order supplier quantity delivery procurement sample 23 document details record,PurchaseOrder
purchase order supplier quantity delivery procurement sample 24 document details record,PurchaseOrder
purchase order supplier quantity delivery procurement sample 25 document details record,PurchaseOrder
purchase order supplier quantity delivery procurement sample 26 document details record,PurchaseOrder
purchase order supplier quantity delivery procurement sample 27 document details record,PurchaseOrder
purchase order supplier quantity delivery procurement sample 28 document details record,PurchaseOrder
purchase order supplier quantity delivery procurement sample 29 document details record,PurchaseOrder
purchase order supplier quantity delivery procurement sample 30 document details record,PurchaseOrder
purchase order supplier quantity delivery procurement sample 31 document details record,PurchaseOrder
purchase order supplier quantity delivery procurement sample 32 document details record,PurchaseOrder
purchase order supplier quantity delivery procurement sample 33 document details record,PurchaseOrder
purchase order supplier quantity delivery procurement sample 34 document details record,PurchaseOrder
purchase order supplier quantity delivery procurement sample 35 document details record,PurchaseOrder
purchase order supplier quantity delivery procurement sample 36 document details record,PurchaseOrder
purchase order supplier quantity delivery procurement sample 37 document details record,PurchaseOrder
purchase order supplier quantity delivery procurement sample 38 document details record,PurchaseOrder
purchase order supplier quantity delivery procurement sample 39 document details record,PurchaseOrder
purchase order supplier quantity delivery procurement sample 40 document details record,PurchaseOrder
purchase order supplier quantity delivery procurement sample 41 document details record,PurchaseOrder
purchase order supplier quantity delivery procurement sample 42 document details record,PurchaseOrder
purchase order supplier quantity delivery procurement sample 43 document details record,PurchaseOrder
purchase order supplier quantity delivery procurement sample 44 document details record,PurchaseOrder
purchase order supplier quantity delivery procurement sample 45 document details record,PurchaseOrder
purchase order supplier quantity delivery procurement sample 46 document details record,PurchaseOrder
purchase order supplier quantity delivery procurement sample 47 document details record,PurchaseOrder
purchase order supplier quantity delivery procurement sample 48 document details record,PurchaseOrder
purchase order supplier quantity delivery procurement sample 49 document details record,PurchaseOrder
purchase order supplier quantity delivery procurement sample 50 document details record,PurchaseOrder
purchase order supplier quantity delivery procurement sample 51 document details record,PurchaseOrder
purchase order supplier quantity delivery procurement sample 52 document details record,PurchaseOrder
purchase order supplier quantity delivery procurement sample 53 document details record,PurchaseOrder
purchase order supplier quantity delivery procurement sample 54 document details record,PurchaseOrder
purchase order supplier quantity delivery procurement sample 55 document details record,PurchaseOrder
purchase order supplier quantity delivery procurement sample 56 document details record,PurchaseOrder
purchase order supplier quantity delivery procurement sample 57 document details record,PurchaseOrder
purchase order supplier quantity delivery procurement sample 58 document details record,PurchaseOrder
purchase order supplier quantity delivery procurement sample 59 document details record,PurchaseOrder
purchase order supplier quantity delivery procurement sample 60 document details record,PurchaseOrder
purchase order supplier quantity delivery procurement sample 61 document details record,PurchaseOrder
purchase order supplier quantity delivery procurement sample 62 document details record,PurchaseOrder
purchase order supplier quantity delivery procurement sample 63 document details record,PurchaseOrder
purchase order supplier quantity delivery procurement sample 64 document details record,PurchaseOrder
purchase order supplier quantity delivery procurement sample 65 document details record,PurchaseOrder
purchase order supplier quantity delivery procurement sample 66 document details record,PurchaseOrder
purchase order supplier quantity delivery procurement sample 67 document details record,PurchaseOrder
purchase order supplier quantity delivery procurement sample 68 document details record,PurchaseOrder
purchase order supplier quantity delivery procurement sample 69 document details record,PurchaseOrder
purchase order supplier quantity delivery procurement sample 70 document details record,PurchaseOrder
purchase order supplier quantity delivery procurement sample 71 document details record,PurchaseOrder
purchase order supplier quantity delivery procurement sample 72 document details record,PurchaseOrder
purchase order supplier quantity delivery procurement sample 73 document details record,PurchaseOrder
purchase order supplier quantity delivery procurement sample 74 document details record,PurchaseOrder
purchase order supplier quantity delivery procurement sample 75 document details record,PurchaseOrder
purchase order supplier quantity delivery procurement sample 76 document details record,PurchaseOrder
purchase order supplier quantity delivery procurement sample 77 document details record,PurchaseOrder
purchase order supplier quantity delivery procurement sample 78 document details record,PurchaseOrder
purchase order supplier quantity delivery procurement sample 79 document details record,PurchaseOrder
purchase order supplier quantity delivery procurement sample 80 document details record,PurchaseOrder
purchase order supplier quantity delivery procurement sample 81 document details record,PurchaseOrder
purchase order supplier quantity delivery procurement sample 82 document details record,PurchaseOrder
purchase order supplier quantity delivery procurement sample 83 document details record,PurchaseOrder
purchase order supplier quantity delivery procurement sample 84 document details record,PurchaseOrder
purchase order supplier quantity delivery procurement sample 85 document details record,PurchaseOrder
purchase order supplier quantity delivery procurement sample 86 document details record,PurchaseOrder
purchase order supplier quantity delivery procurement sample 87 document details record,PurchaseOrder
purchase order supplier quantity delivery procurement sample 88 document details record,PurchaseOrder
purchase order supplier quantity delivery procurement sample 89 document details record,PurchaseOrder
purchase order supplier quantity delivery procurement sample 90 document details record,PurchaseOrder
purchase order supplier quantity delivery procurement sample 91 document details record,PurchaseOrder
purchase order supplier quantity delivery procurement sample 92 document details record,PurchaseOrder
purchase order supplier quantity delivery procurement sample 93 document details record,PurchaseOrder
purchase order supplier quantity delivery procurement sample 94 document details record,PurchaseOrder
purchase order supplier quantity delivery procurement sample 95 document details record,PurchaseOrder
purchase order supplier quantity delivery procurement sample 96 document details record,PurchaseOrder
purchase order supplier quantity delivery procurement sample 97 document details record,PurchaseOrder
purchase order supplier quantity delivery procurement sample 98 document details record,PurchaseOrder
purchase order supplier quantity delivery procurement sample 99 document details record,PurchaseOrder
purchase order supplier quantity delivery procurement sample 100 document details record,PurchaseOrder
revenue profit loss balance sheet financial sample 1 document details record,FinancialReport
revenue profit loss balance sheet financial sample 2 document details record,FinancialReport
revenue profit loss balance sheet financial sample 3 document details record,FinancialReport
revenue profit loss balance sheet financial sample 4 document details record,FinancialReport
revenue profit loss balance sheet financial sample 5 document details record,FinancialReport
revenue profit loss balance sheet financial sample 6 document details record,FinancialReport
revenue profit loss balance sheet financial sample 7 document details record,FinancialReport
revenue profit loss balance sheet financial sample 8 document details record,FinancialReport
revenue profit loss balance sheet financial sample 9 document details record,FinancialReport
revenue profit loss balance sheet financial sample 10 document details record,FinancialReport
revenue profit loss balance sheet financial sample 11 document details record,FinancialReport
revenue profit loss balance sheet financial sample 12 document details record,FinancialReport
revenue profit loss balance sheet financial sample 13 document details record,FinancialReport
revenue profit loss balance sheet financial sample 14 document details record,FinancialReport
revenue profit loss balance sheet financial sample 15 document details record,FinancialReport
revenue profit loss balance sheet financial sample 16 document details record,FinancialReport
revenue profit loss balance sheet financial sample 17 document details record,FinancialReport
revenue profit loss balance sheet financial sample 18 document details record,FinancialReport
revenue profit loss balance sheet financial sample 19 document details record,FinancialReport
revenue profit loss balance sheet financial sample 20 document details record,FinancialReport
revenue profit loss balance sheet financial sample 21 document details record,FinancialReport
revenue profit loss balance sheet financial sample 22 document details record,FinancialReport
revenue profit loss balance sheet financial sample 23 document details record,FinancialReport
revenue profit loss balance sheet financial sample 24 document details record,FinancialReport
revenue profit loss balance sheet financial sample 25 document details record,FinancialReport
revenue profit loss balance sheet financial sample 26 document details record,FinancialReport
revenue profit loss balance sheet financial sample 27 document details record,FinancialReport
revenue profit loss balance sheet financial sample 28 document details record,FinancialReport
revenue profit loss balance sheet financial sample 29 document details record,FinancialReport
revenue profit loss balance sheet financial sample 30 document details record,FinancialReport
revenue profit loss balance sheet financial sample 31 document details record,FinancialReport
revenue profit loss balance sheet financial sample 32 document details record,FinancialReport
revenue profit loss balance sheet financial sample 33 document details record,FinancialReport
revenue profit loss balance sheet financial sample 34 document details record,FinancialReport
revenue profit loss balance sheet financial sample 35 document details record,FinancialReport
revenue profit loss balance sheet financial sample 36 document details record,FinancialReport
revenue profit loss balance sheet financial sample 37 document details record,FinancialReport
revenue profit loss balance sheet financial sample 38 document details record,FinancialReport
revenue profit loss balance sheet financial sample 39 document details record,FinancialReport
revenue profit loss balance sheet financial sample 40 document details record,FinancialReport
revenue profit loss balance sheet financial sample 41 document details record,FinancialReport
revenue profit loss balance sheet financial sample 42 document details record,FinancialReport
revenue profit loss balance sheet financial sample 43 document details record,FinancialReport
revenue profit loss balance sheet financial sample 44 document details record,FinancialReport
revenue profit loss balance sheet financial sample 45 document details record,FinancialReport
revenue profit loss balance sheet financial sample 46 document details record,FinancialReport
revenue profit loss balance sheet financial sample 47 document details record,FinancialReport
revenue profit loss balance sheet financial sample 48 document details record,FinancialReport
revenue profit loss balance sheet financial sample 49 document details record,FinancialReport
revenue profit loss balance sheet financial sample 50 document details record,FinancialReport
revenue profit loss balance sheet financial sample 51 document details record,FinancialReport
revenue profit loss balance sheet financial sample 52 document details record,FinancialReport
revenue profit loss balance sheet financial sample 53 document details record,FinancialReport
revenue profit loss balance sheet financial sample 54 document details record,FinancialReport
revenue profit loss balance sheet financial sample 55 document details record,FinancialReport
revenue profit loss balance sheet financial sample 56 document details record,FinancialReport
revenue profit loss balance sheet financial sample 57 document details record,FinancialReport
revenue profit loss balance sheet financial sample 58 document details record,FinancialReport
revenue profit loss balance sheet financial sample 59 document details record,FinancialReport
revenue profit loss balance sheet financial sample 60 document details record,FinancialReport
revenue profit loss balance sheet financial sample 61 document details record,FinancialReport
revenue profit loss balance sheet financial sample 62 document details record,FinancialReport
revenue profit loss balance sheet financial sample 63 document details record,FinancialReport
revenue profit loss balance sheet financial sample 64 document details record,FinancialReport
revenue profit loss balance sheet financial sample 65 document details record,FinancialReport
revenue profit loss balance sheet financial sample 66 document details record,FinancialReport
revenue profit loss balance sheet financial sample 67 document details record,FinancialReport
revenue profit loss balance sheet financial sample 68 document details record,FinancialReport
revenue profit loss balance sheet financial sample 69 document details record,FinancialReport
revenue profit loss balance sheet financial sample 70 document details record,FinancialReport
revenue profit loss balance sheet financial sample 71 document details record,FinancialReport
revenue profit loss balance sheet financial sample 72 document details record,FinancialReport
revenue profit loss balance sheet financial sample 73 document details record,FinancialReport
revenue profit loss balance sheet financial sample 74 document details record,FinancialReport
revenue profit loss balance sheet financial sample 75 document details record,FinancialReport
revenue profit loss balance sheet financial sample 76 document details record,FinancialReport
revenue profit loss balance sheet financial sample 77 document details record,FinancialReport
revenue profit loss balance sheet financial sample 78 document details record,FinancialReport
revenue profit loss balance sheet financial sample 79 document details record,FinancialReport
revenue profit loss balance sheet financial sample 80 document details record,FinancialReport
revenue profit loss balance sheet financial sample 81 document details record,FinancialReport
revenue profit loss balance sheet financial sample 82 document details record,FinancialReport
revenue profit loss balance sheet financial sample 83 document details record,FinancialReport
revenue profit loss balance sheet financial sample 84 document details record,FinancialReport
revenue profit loss balance sheet financial sample 85 document details record,FinancialReport
revenue profit loss balance sheet financial sample 86 document details record,FinancialReport
revenue profit loss balance sheet financial sample 87 document details record,FinancialReport
revenue profit loss balance sheet financial sample 88 document details record,FinancialReport
revenue profit loss balance sheet financial sample 89 document details record,FinancialReport
revenue profit loss balance sheet financial sample 90 document details record,FinancialReport
revenue profit loss balance sheet financial sample 91 document details record,FinancialReport
revenue profit loss balance sheet financial sample 92 document details record,FinancialReport
revenue profit loss balance sheet financial sample 93 document details record,FinancialReport
revenue profit loss balance sheet financial sample 94 document details record,FinancialReport
revenue profit loss balance sheet financial sample 95 document details record,FinancialReport
revenue profit loss balance sheet financial sample 96 document details record,FinancialReport
revenue profit loss balance sheet financial sample 97 document details record,FinancialReport
revenue profit loss balance sheet financial sample 98 document details record,FinancialReport
revenue profit loss balance sheet financial sample 99 document details record,FinancialReport
revenue profit loss balance sheet financial sample 100 document details record,FinancialReport
policy claim premium coverage insured benefits sample 1 document details record,Insurance
policy claim premium coverage insured benefits sample 2 document details record,Insurance
policy claim premium coverage insured benefits sample 3 document details record,Insurance
policy claim premium coverage insured benefits sample 4 document details record,Insurance
policy claim premium coverage insured benefits sample 5 document details record,Insurance
policy claim premium coverage insured benefits sample 6 document details record,Insurance
policy claim premium coverage insured benefits sample 7 document details record,Insurance
policy claim premium coverage insured benefits sample 8 document details record,Insurance
policy claim premium coverage insured benefits sample 9 document details record,Insurance
policy claim premium coverage insured benefits sample 10 document details record,Insurance
policy claim premium coverage insured benefits sample 11 document details record,Insurance
policy claim premium coverage insured benefits sample 12 document details record,Insurance
policy claim premium coverage insured benefits sample 13 document details record,Insurance
policy claim premium coverage insured benefits sample 14 document details record,Insurance
policy claim premium coverage insured benefits sample 15 document details record,Insurance
policy claim premium coverage insured benefits sample 16 document details record,Insurance
policy claim premium coverage insured benefits sample 17 document details record,Insurance
policy claim premium coverage insured benefits sample 18 document details record,Insurance
policy claim premium coverage insured benefits sample 19 document details record,Insurance
policy claim premium coverage insured benefits sample 20 document details record,Insurance
policy claim premium coverage insured benefits sample 21 document details record,Insurance
policy claim premium coverage insured benefits sample 22 document details record,Insurance
policy claim premium coverage insured benefits sample 23 document details record,Insurance
policy claim premium coverage insured benefits sample 24 document details record,Insurance
policy claim premium coverage insured benefits sample 25 document details record,Insurance
policy claim premium coverage insured benefits sample 26 document details record,Insurance
policy claim premium coverage insured benefits sample 27 document details record,Insurance
policy claim premium coverage insured benefits sample 28 document details record,Insurance
policy claim premium coverage insured benefits sample 29 document details record,Insurance
policy claim premium coverage insured benefits sample 30 document details record,Insurance
policy claim premium coverage insured benefits sample 31 document details record,Insurance
policy claim premium coverage insured benefits sample 32 document details record,Insurance
policy claim premium coverage insured benefits sample 33 document details record,Insurance
policy claim premium coverage insured benefits sample 34 document details record,Insurance
policy claim premium coverage insured benefits sample 35 document details record,Insurance
policy claim premium coverage insured benefits sample 36 document details record,Insurance
policy claim premium coverage insured benefits sample 37 document details record,Insurance
policy claim premium coverage insured benefits sample 38 document details record,Insurance
policy claim premium coverage insured benefits sample 39 document details record,Insurance
policy claim premium coverage insured benefits sample 40 document details record,Insurance
policy claim premium coverage insured benefits sample 41 document details record,Insurance
policy claim premium coverage insured benefits sample 42 document details record,Insurance
policy claim premium coverage insured benefits sample 43 document details record,Insurance
policy claim premium coverage insured benefits sample 44 document details record,Insurance
policy claim premium coverage insured benefits sample 45 document details record,Insurance
policy claim premium coverage insured benefits sample 46 document details record,Insurance
policy claim premium coverage insured benefits sample 47 document details record,Insurance
policy claim premium coverage insured benefits sample 48 document details record,Insurance
policy claim premium coverage insured benefits sample 49 document details record,Insurance
policy claim premium coverage insured benefits sample 50 document details record,Insurance
policy claim premium coverage insured benefits sample 51 document details record,Insurance
policy claim premium coverage insured benefits sample 52 document details record,Insurance
policy claim premium coverage insured benefits sample 53 document details record,Insurance
policy claim premium coverage insured benefits sample 54 document details record,Insurance
policy claim premium coverage insured benefits sample 55 document details record,Insurance
policy claim premium coverage insured benefits sample 56 document details record,Insurance
policy claim premium coverage insured benefits sample 57 document details record,Insurance
policy claim premium coverage insured benefits sample 58 document details record,Insurance
policy claim premium coverage insured benefits sample 59 document details record,Insurance
policy claim premium coverage insured benefits sample 60 document details record,Insurance
policy claim premium coverage insured benefits sample 61 document details record,Insurance
policy claim premium coverage insured benefits sample 62 document details record,Insurance
policy claim premium coverage insured benefits sample 63 document details record,Insurance
policy claim premium coverage insured benefits sample 64 document details record,Insurance
policy claim premium coverage insured benefits sample 65 document details record,Insurance
policy claim premium coverage insured benefits sample 66 document details record,Insurance
policy claim premium coverage insured benefits sample 67 document details record,Insurance
policy claim premium coverage insured benefits sample 68 document details record,Insurance
policy claim premium coverage insured benefits sample 69 document details record,Insurance
policy claim premium coverage insured benefits sample 70 document details record,Insurance
policy claim premium coverage insured benefits sample 71 document details record,Insurance
policy claim premium coverage insured benefits sample 72 document details record,Insurance
policy claim premium coverage insured benefits sample 73 document details record,Insurance
policy claim premium coverage insured benefits sample 74 document details record,Insurance
policy claim premium coverage insured benefits sample 75 document details record,Insurance
policy claim premium coverage insured benefits sample 76 document details record,Insurance
policy claim premium coverage insured benefits sample 77 document details record,Insurance
policy claim premium coverage insured benefits sample 78 document details record,Insurance
policy claim premium coverage insured benefits sample 79 document details record,Insurance
policy claim premium coverage insured benefits sample 80 document details record,Insurance
policy claim premium coverage insured benefits sample 81 document details record,Insurance
policy claim premium coverage insured benefits sample 82 document details record,Insurance
policy claim premium coverage insured benefits sample 83 document details record,Insurance
policy claim premium coverage insured benefits sample 84 document details record,Insurance
policy claim premium coverage insured benefits sample 85 document details record,Insurance
policy claim premium coverage insured benefits sample 86 document details record,Insurance
policy claim premium coverage insured benefits sample 87 document details record,Insurance
policy claim premium coverage insured benefits sample 88 document details record,Insurance
policy claim premium coverage insured benefits sample 89 document details record,Insurance
policy claim premium coverage insured benefits sample 90 document details record,Insurance
policy claim premium coverage insured benefits sample 91 document details record,Insurance
policy claim premium coverage insured benefits sample 92 document details record,Insurance
policy claim premium coverage insured benefits sample 93 document details record,Insurance
policy claim premium coverage insured benefits sample 94 document details record,Insurance
policy claim premium coverage insured benefits sample 95 document details record,Insurance
policy claim premium coverage insured benefits sample 96 document details record,Insurance
policy claim premium coverage insured benefits sample 97 document details record,Insurance
policy claim premium coverage insured benefits sample 98 document details record,Insurance
policy claim premium coverage insured benefits sample 99 document details record,Insurance
policy claim premium coverage insured benefits sample 100 document details record,Insurance
income tax deduction return assessment filing sample 1 document details record,TaxDocument
income tax deduction return assessment filing sample 2 document details record,TaxDocument
income tax deduction return assessment filing sample 3 document details record,TaxDocument
income tax deduction return assessment filing sample 4 document details record,TaxDocument
income tax deduction return assessment filing sample 5 document details record,TaxDocument
income tax deduction return assessment filing sample 6 document details record,TaxDocument
income tax deduction return assessment filing sample 7 document details record,TaxDocument
income tax deduction return assessment filing sample 8 document details record,TaxDocument
income tax deduction return assessment filing sample 9 document details record,TaxDocument
income tax deduction return assessment filing sample 10 document details record,TaxDocument
income tax deduction return assessment filing sample 11 document details record,TaxDocument
income tax deduction return assessment filing sample 12 document details record,TaxDocument
income tax deduction return assessment filing sample 13 document details record,TaxDocument
income tax deduction return assessment filing sample 14 document details record,TaxDocument
income tax deduction return assessment filing sample 15 document details record,TaxDocument
income tax deduction return assessment filing sample 16 document details record,TaxDocument
income tax deduction return assessment filing sample 17 document details record,TaxDocument
income tax deduction return assessment filing sample 18 document details record,TaxDocument
income tax deduction return assessment filing sample 19 document details record,TaxDocument
income tax deduction return assessment filing sample 20 document details record,TaxDocument
income tax deduction return assessment filing sample 21 document details record,TaxDocument
income tax deduction return assessment filing sample 22 document details record,TaxDocument
income tax deduction return assessment filing sample 23 document details record,TaxDocument
income tax deduction return assessment filing sample 24 document details record,TaxDocument
income tax deduction return assessment filing sample 25 document details record,TaxDocument
income tax deduction return assessment filing sample 26 document details record,TaxDocument
income tax deduction return assessment filing sample 27 document details record,TaxDocument
income tax deduction return assessment filing sample 28 document details record,TaxDocument
income tax deduction return assessment filing sample 29 document details record,TaxDocument
income tax deduction return assessment filing sample 30 document details record,TaxDocument
income tax deduction return assessment filing sample 31 document details record,TaxDocument
income tax deduction return assessment filing sample 32 document details record,TaxDocument
income tax deduction return assessment filing sample 33 document details record,TaxDocument
income tax deduction return assessment filing sample 34 document details record,TaxDocument
income tax deduction return assessment filing sample 35 document details record,TaxDocument
income tax deduction return assessment filing sample 36 document details record,TaxDocument
income tax deduction return assessment filing sample 37 document details record,TaxDocument
income tax deduction return assessment filing sample 38 document details record,TaxDocument
income tax deduction return assessment filing sample 39 document details record,TaxDocument
income tax deduction return assessment filing sample 40 document details record,TaxDocument
income tax deduction return assessment filing sample 41 document details record,TaxDocument
income tax deduction return assessment filing sample 42 document details record,TaxDocument
income tax deduction return assessment filing sample 43 document details record,TaxDocument
income tax deduction return assessment filing sample 44 document details record,TaxDocument
income tax deduction return assessment filing sample 45 document details record,TaxDocument
income tax deduction return assessment filing sample 46 document details record,TaxDocument
income tax deduction return assessment filing sample 47 document details record,TaxDocument
income tax deduction return assessment filing sample 48 document details record,TaxDocument
income tax deduction return assessment filing sample 49 document details record,TaxDocument
income tax deduction return assessment filing sample 50 document details record,TaxDocument
income tax deduction return assessment filing sample 51 document details record,TaxDocument
income tax deduction return assessment filing sample 52 document details record,TaxDocument
income tax deduction return assessment filing sample 53 document details record,TaxDocument
income tax deduction return assessment filing sample 54 document details record,TaxDocument
income tax deduction return assessment filing sample 55 document details record,TaxDocument
income tax deduction return assessment filing sample 56 document details record,TaxDocument
income tax deduction return assessment filing sample 57 document details record,TaxDocument
income tax deduction return assessment filing sample 58 document details record,TaxDocument
income tax deduction return assessment filing sample 59 document details record,TaxDocument
income tax deduction return assessment filing sample 60 document details record,TaxDocument
income tax deduction return assessment filing sample 61 document details record,TaxDocument
income tax deduction return assessment filing sample 62 document details record,TaxDocument
income tax deduction return assessment filing sample 63 document details record,TaxDocument
income tax deduction return assessment filing sample 64 document details record,TaxDocument
income tax deduction return assessment filing sample 65 document details record,TaxDocument
income tax deduction return assessment filing sample 66 document details record,TaxDocument
income tax deduction return assessment filing sample 67 document details record,TaxDocument
income tax deduction return assessment filing sample 68 document details record,TaxDocument
income tax deduction return assessment filing sample 69 document details record,TaxDocument
income tax deduction return assessment filing sample 70 document details record,TaxDocument
income tax deduction return assessment filing sample 71 document details record,TaxDocument
income tax deduction return assessment filing sample 72 document details record,TaxDocument
income tax deduction return assessment filing sample 73 document details record,TaxDocument
income tax deduction return assessment filing sample 74 document details record,TaxDocument
income tax deduction return assessment filing sample 75 document details record,TaxDocument
income tax deduction return assessment filing sample 76 document details record,TaxDocument
income tax deduction return assessment filing sample 77 document details record,TaxDocument
income tax deduction return assessment filing sample 78 document details record,TaxDocument
income tax deduction return assessment filing sample 79 document details record,TaxDocument
income tax deduction return assessment filing sample 80 document details record,TaxDocument
income tax deduction return assessment filing sample 81 document details record,TaxDocument
income tax deduction return assessment filing sample 82 document details record,TaxDocument
income tax deduction return assessment filing sample 83 document details record,TaxDocument
income tax deduction return assessment filing sample 84 document details record,TaxDocument
income tax deduction return assessment filing sample 85 document details record,TaxDocument
income tax deduction return assessment filing sample 86 document details record,TaxDocument
income tax deduction return assessment filing sample 87 document details record,TaxDocument
income tax deduction return assessment filing sample 88 document details record,TaxDocument
income tax deduction return assessment filing sample 89 document details record,TaxDocument
income tax deduction return assessment filing sample 90 document details record,TaxDocument
income tax deduction return assessment filing sample 91 document details record,TaxDocument
income tax deduction return assessment filing sample 92 document details record,TaxDocument
income tax deduction return assessment filing sample 93 document details record,TaxDocument
income tax deduction return assessment filing sample 94 document details record,TaxDocument
income tax deduction return assessment filing sample 95 document details record,TaxDocument
income tax deduction return assessment filing sample 96 document details record,TaxDocument
income tax deduction return assessment filing sample 97 document details record,TaxDocument
income tax deduction return assessment filing sample 98 document details record,TaxDocument
income tax deduction return assessment filing sample 99 document details record,TaxDocument
income tax deduction return assessment filing sample 100 document details record,TaxDocument
legal notice court compliance violation action sample 1 document details record,LegalNotice
legal notice court compliance violation action sample 2 document details record,LegalNotice
legal notice court compliance violation action sample 3 document details record,LegalNotice
legal notice court compliance violation action sample 4 document details record,LegalNotice
legal notice court compliance violation action sample 5 document details record,LegalNotice
legal notice court compliance violation action sample 6 document details record,LegalNotice
legal notice court compliance violation action sample 7 document details record,LegalNotice
legal notice court compliance violation action sample 8 document details record,LegalNotice
legal notice court compliance violation action sample 9 document details record,LegalNotice
legal notice court compliance violation action sample 10 document details record,LegalNotice
legal notice court compliance violation action sample 11 document details record,LegalNotice
legal notice court compliance violation action sample 12 document details record,LegalNotice
legal notice court compliance violation action sample 13 document details record,LegalNotice
legal notice court compliance violation action sample 14 document details record,LegalNotice
legal notice court compliance violation action sample 15 document details record,LegalNotice
legal notice court compliance violation action sample 16 document details record,LegalNotice
legal notice court compliance violation action sample 17 document details record,LegalNotice
legal notice court compliance violation action sample 18 document details record,LegalNotice
legal notice court compliance violation action sample 19 document details record,LegalNotice
legal notice court compliance violation action sample 20 document details record,LegalNotice
legal notice court compliance violation action sample 21 document details record,LegalNotice
legal notice court compliance violation action sample 22 document details record,LegalNotice
legal notice court compliance violation action sample 23 document details record,LegalNotice
legal notice court compliance violation action sample 24 document details record,LegalNotice
legal notice court compliance violation action sample 25 document details record,LegalNotice
legal notice court compliance violation action sample 26 document details record,LegalNotice
legal notice court compliance violation action sample 27 document details record,LegalNotice
legal notice court compliance violation action sample 28 document details record,LegalNotice
legal notice court compliance violation action sample 29 document details record,LegalNotice
legal notice court compliance violation action sample 30 document details record,LegalNotice
legal notice court compliance violation action sample 31 document details record,LegalNotice
legal notice court compliance violation action sample 32 document details record,LegalNotice
legal notice court compliance violation action sample 33 document details record,LegalNotice
legal notice court compliance violation action sample 34 document details record,LegalNotice
legal notice court compliance violation action sample 35 document details record,LegalNotice
legal notice court compliance violation action sample 36 document details record,LegalNotice
legal notice court compliance violation action sample 37 document details record,LegalNotice
legal notice court compliance violation action sample 38 document details record,LegalNotice
legal notice court compliance violation action sample 39 document details record,LegalNotice
legal notice court compliance violation action sample 40 document details record,LegalNotice
legal notice court compliance violation action sample 41 document details record,LegalNotice
legal notice court compliance violation action sample 42 document details record,LegalNotice
legal notice court compliance violation action sample 43 document details record,LegalNotice
legal notice court compliance violation action sample 44 document details record,LegalNotice
legal notice court compliance violation action sample 45 document details record,LegalNotice
legal notice court compliance violation action sample 46 document details record,LegalNotice
legal notice court compliance violation action sample 47 document details record,LegalNotice
legal notice court compliance violation action sample 48 document details record,LegalNotice
legal notice court compliance violation action sample 49 document details record,LegalNotice
legal notice court compliance violation action sample 50 document details record,LegalNotice
legal notice court compliance violation action sample 51 document details record,LegalNotice
legal notice court compliance violation action sample 52 document details record,LegalNotice
legal notice court compliance violation action sample 53 document details record,LegalNotice
legal notice court compliance violation action sample 54 document details record,LegalNotice
legal notice court compliance violation action sample 55 document details record,LegalNotice
legal notice court compliance violation action sample 56 document details record,LegalNotice
legal notice court compliance violation action sample 57 document details record,LegalNotice
legal notice court compliance violation action sample 58 document details record,LegalNotice
legal notice court compliance violation action sample 59 document details record,LegalNotice
legal notice court compliance violation action sample 60 document details record,LegalNotice
legal notice court compliance violation action sample 61 document details record,LegalNotice
legal notice court compliance violation action sample 62 document details record,LegalNotice
legal notice court compliance violation action sample 63 document details record,LegalNotice
legal notice court compliance violation action sample 64 document details record,LegalNotice
legal notice court compliance violation action sample 65 document details record,LegalNotice
legal notice court compliance violation action sample 66 document details record,LegalNotice
legal notice court compliance violation action sample 67 document details record,LegalNotice
legal notice court compliance violation action sample 68 document details record,LegalNotice
legal notice court compliance violation action sample 69 document details record,LegalNotice
legal notice court compliance violation action sample 70 document details record,LegalNotice
legal notice court compliance violation action sample 71 document details record,LegalNotice
legal notice court compliance violation action sample 72 document details record,LegalNotice
legal notice court compliance violation action sample 73 document details record,LegalNotice
legal notice court compliance violation action sample 74 document details record,LegalNotice
legal notice court compliance violation action sample 75 document details record,LegalNotice
legal notice court compliance violation action sample 76 document details record,LegalNotice
legal notice court compliance violation action sample 77 document details record,LegalNotice
legal notice court compliance violation action sample 78 document details record,LegalNotice
legal notice court compliance violation action sample 79 document details record,LegalNotice
legal notice court compliance violation action sample 80 document details record,LegalNotice
legal notice court compliance violation action sample 81 document details record,LegalNotice
legal notice court compliance violation action sample 82 document details record,LegalNotice
legal notice court compliance violation action sample 83 document details record,LegalNotice
legal notice court compliance violation action sample 84 document details record,LegalNotice
legal notice court compliance violation action sample 85 document details record,LegalNotice
legal notice court compliance violation action sample 86 document details record,LegalNotice
legal notice court compliance violation action sample 87 document details record,LegalNotice
legal notice court compliance violation action sample 88 document details record,LegalNotice
legal notice court compliance violation action sample 89 document details record,LegalNotice
legal notice court compliance violation action sample 90 document details record,LegalNotice
legal notice court compliance violation action sample 91 document details record,LegalNotice
legal notice court compliance violation action sample 92 document details record,LegalNotice
legal notice court compliance violation action sample 93 document details record,LegalNotice
legal notice court compliance violation action sample 94 document details record,LegalNotice
legal notice court compliance violation action sample 95 document details record,LegalNotice
legal notice court compliance violation action sample 96 document details record,LegalNotice
legal notice court compliance violation action sample 97 document details record,LegalNotice
legal notice court compliance violation action sample 98 document details record,LegalNotice
legal notice court compliance violation action sample 99 document details record,LegalNotice
legal notice court compliance violation action sample 100 document details record,LegalNotice
offer letter salary joining employment position sample 1 document details record,OfferLetter
offer letter salary joining employment position sample 2 document details record,OfferLetter
offer letter salary joining employment position sample 3 document details record,OfferLetter
offer letter salary joining employment position sample 4 document details record,OfferLetter
offer letter salary joining employment position sample 5 document details record,OfferLetter
offer letter salary joining employment position sample 6 document details record,OfferLetter
offer letter salary joining employment position sample 7 document details record,OfferLetter
offer letter salary joining employment position sample 8 document details record,OfferLetter
offer letter salary joining employment position sample 9 document details record,OfferLetter
offer letter salary joining employment position sample 10 document details record,OfferLetter
offer letter salary joining employment position sample 11 document details record,OfferLetter
offer letter salary joining employment position sample 12 document details record,OfferLetter
offer letter salary joining employment position sample 13 document details record,OfferLetter
offer letter salary joining employment position sample 14 document details record,OfferLetter
offer letter salary joining employment position sample 15 document details record,OfferLetter
offer letter salary joining employment position sample 16 document details record,OfferLetter
offer letter salary joining employment position sample 17 document details record,OfferLetter
offer letter salary joining employment position sample 18 document details record,OfferLetter
offer letter salary joining employment position sample 19 document details record,OfferLetter
offer letter salary joining employment position sample 20 document details record,OfferLetter
offer letter salary joining employment position sample 21 document details record,OfferLetter
offer letter salary joining employment position sample 22 document details record,OfferLetter
offer letter salary joining employment position sample 23 document details record,OfferLetter
offer letter salary joining employment position sample 24 document details record,OfferLetter
offer letter salary joining employment position sample 25 document details record,OfferLetter
offer letter salary joining employment position sample 26 document details record,OfferLetter
offer letter salary joining employment position sample 27 document details record,OfferLetter
offer letter salary joining employment position sample 28 document details record,OfferLetter
offer letter salary joining employment position sample 29 document details record,OfferLetter
offer letter salary joining employment position sample 30 document details record,OfferLetter
offer letter salary joining employment position sample 31 document details record,OfferLetter
offer letter salary joining employment position sample 32 document details record,OfferLetter
offer letter salary joining employment position sample 33 document details record,OfferLetter
offer letter salary joining employment position sample 34 document details record,OfferLetter
offer letter salary joining employment position sample 35 document details record,OfferLetter
offer letter salary joining employment position sample 36 document details record,OfferLetter
offer letter salary joining employment position sample 37 document details record,OfferLetter
offer letter salary joining employment position sample 38 document details record,OfferLetter
offer letter salary joining employment position sample 39 document details record,OfferLetter
offer letter salary joining employment position sample 40 document details record,OfferLetter
offer letter salary joining employment position sample 41 document details record,OfferLetter
offer letter salary joining employment position sample 42 document details record,OfferLetter
offer letter salary joining employment position sample 43 document details record,OfferLetter
offer letter salary joining employment position sample 44 document details record,OfferLetter
offer letter salary joining employment position sample 45 document details record,OfferLetter
offer letter salary joining employment position sample 46 document details record,OfferLetter
offer letter salary joining employment position sample 47 document details record,OfferLetter
offer letter salary joining employment position sample 48 document details record,OfferLetter
offer letter salary joining employment position sample 49 document details record,OfferLetter
offer letter salary joining employment position sample 50 document details record,OfferLetter
offer letter salary joining employment position sample 51 document details record,OfferLetter
offer letter salary joining employment position sample 52 document details record,OfferLetter
offer letter salary joining employment position sample 53 document details record,OfferLetter
offer letter salary joining employment position sample 54 document details record,OfferLetter
offer letter salary joining employment position sample 55 document details record,OfferLetter
offer letter salary joining employment position sample 56 document details record,OfferLetter
offer letter salary joining employment position sample 57 document details record,OfferLetter
offer letter salary joining employment position sample 58 document details record,OfferLetter
offer letter salary joining employment position sample 59 document details record,OfferLetter
offer letter salary joining employment position sample 60 document details record,OfferLetter
offer letter salary joining employment position sample 61 document details record,OfferLetter
offer letter salary joining employment position sample 62 document details record,OfferLetter
offer letter salary joining employment position sample 63 document details record,OfferLetter
offer letter salary joining employment position sample 64 document details record,OfferLetter
offer letter salary joining employment position sample 65 document details record,OfferLetter
offer letter salary joining employment position sample 66 document details record,OfferLetter
offer letter salary joining employment position sample 67 document details record,OfferLetter
offer letter salary joining employment position sample 68 document details record,OfferLetter
offer letter salary joining employment position sample 69 document details record,OfferLetter
offer letter salary joining employment position sample 70 document details record,OfferLetter
offer letter salary joining employment position sample 71 document details record,OfferLetter
offer letter salary joining employment position sample 72 document details record,OfferLetter
offer letter salary joining employment position sample 73 document details record,OfferLetter
offer letter salary joining employment position sample 74 document details record,OfferLetter
offer letter salary joining employment position sample 75 document details record,OfferLetter
offer letter salary joining employment position sample 76 document details record,OfferLetter
offer letter salary joining employment position sample 77 document details record,OfferLetter
offer letter salary joining employment position sample 78 document details record,OfferLetter
offer letter salary joining employment position sample 79 document details record,OfferLetter
offer letter salary joining employment position sample 80 document details record,OfferLetter
offer letter salary joining employment position sample 81 document details record,OfferLetter
offer letter salary joining employment position sample 82 document details record,OfferLetter
offer letter salary joining employment position sample 83 document details record,OfferLetter
offer letter salary joining employment position sample 84 document details record,OfferLetter
offer letter salary joining employment position sample 85 document details record,OfferLetter
offer letter salary joining employment position sample 86 document details record,OfferLetter
offer letter salary joining employment position sample 87 document details record,OfferLetter
offer letter salary joining employment position sample 88 document details record,OfferLetter
offer letter salary joining employment position sample 89 document details record,OfferLetter
offer letter salary joining employment position sample 90 document details record,OfferLetter
offer letter salary joining employment position sample 91 document details record,OfferLetter
offer letter salary joining employment position sample 92 document details record,OfferLetter
offer letter salary joining employment position sample 93 document details record,OfferLetter
offer letter salary joining employment position sample 94 document details record,OfferLetter
offer letter salary joining employment position sample 95 document details record,OfferLetter
offer letter salary joining employment position sample 96 document details record,OfferLetter
offer letter salary joining employment position sample 97 document details record,OfferLetter
offer letter salary joining employment position sample 98 document details record,OfferLetter
offer letter salary joining employment position sample 99 document details record,OfferLetter
offer letter salary joining employment position sample 100 document details record,OfferLetter
certificate completion achievement training accredited sample 1 document details record,Certificate
certificate completion achievement training accredited sample 2 document details record,Certificate
certificate completion achievement training accredited sample 3 document details record,Certificate
certificate completion achievement training accredited sample 4 document details record,Certificate
certificate completion achievement training accredited sample 5 document details record,Certificate
certificate completion achievement training accredited sample 6 document details record,Certificate
certificate completion achievement training accredited sample 7 document details record,Certificate
certificate completion achievement training accredited sample 8 document details record,Certificate
certificate completion achievement training accredited sample 9 document details record,Certificate
certificate completion achievement training accredited sample 10 document details record,Certificate
certificate completion achievement training accredited sample 11 document details record,Certificate
certificate completion achievement training accredited sample 12 document details record,Certificate
certificate completion achievement training accredited sample 13 document details record,Certificate
certificate completion achievement training accredited sample 14 document details record,Certificate
certificate completion achievement training accredited sample 15 document details record,Certificate
certificate completion achievement training accredited sample 16 document details record,Certificate
certificate completion achievement training accredited sample 17 document details record,Certificate
certificate completion achievement training accredited sample 18 document details record,Certificate
certificate completion achievement training accredited sample 19 document details record,Certificate
certificate completion achievement training accredited sample 20 document details record,Certificate
certificate completion achievement training accredited sample 21 document details record,Certificate
certificate completion achievement training accredited sample 22 document details record,Certificate
certificate completion achievement training accredited sample 23 document details record,Certificate
certificate completion achievement training accredited sample 24 document details record,Certificate
certificate completion achievement training accredited sample 25 document details record,Certificate
certificate completion achievement training accredited sample 26 document details record,Certificate
certificate completion achievement training accredited sample 27 document details record,Certificate
certificate completion achievement training accredited sample 28 document details record,Certificate
certificate completion achievement training accredited sample 29 document details record,Certificate
certificate completion achievement training accredited sample 30 document details record,Certificate
certificate completion achievement training accredited sample 31 document details record,Certificate
certificate completion achievement training accredited sample 32 document details record,Certificate
certificate completion achievement training accredited sample 33 document details record,Certificate
certificate completion achievement training accredited sample 34 document details record,Certificate
certificate completion achievement training accredited sample 35 document details record,Certificate
certificate completion achievement training accredited sample 36 document details record,Certificate
certificate completion achievement training accredited sample 37 document details record,Certificate
certificate completion achievement training accredited sample 38 document details record,Certificate
certificate completion achievement training accredited sample 39 document details record,Certificate
certificate completion achievement training accredited sample 40 document details record,Certificate
certificate completion achievement training accredited sample 41 document details record,Certificate
certificate completion achievement training accredited sample 42 document details record,Certificate
certificate completion achievement training accredited sample 43 document details record,Certificate
certificate completion achievement training accredited sample 44 document details record,Certificate
certificate completion achievement training accredited sample 45 document details record,Certificate
certificate completion achievement training accredited sample 46 document details record,Certificate
certificate completion achievement training accredited sample 47 document details record,Certificate
certificate completion achievement training accredited sample 48 document details record,Certificate
certificate completion achievement training accredited sample 49 document details record,Certificate
certificate completion achievement training accredited sample 50 document details record,Certificate
certificate completion achievement training accredited sample 51 document details record,Certificate
certificate completion achievement training accredited sample 52 document details record,Certificate
certificate completion achievement training accredited sample 53 document details record,Certificate
certificate completion achievement training accredited sample 54 document details record,Certificate
certificate completion achievement training accredited sample 55 document details record,Certificate
certificate completion achievement training accredited sample 56 document details record,Certificate
certificate completion achievement training accredited sample 57 document details record,Certificate
certificate completion achievement training accredited sample 58 document details record,Certificate
certificate completion achievement training accredited sample 59 document details record,Certificate
certificate completion achievement training accredited sample 60 document details record,Certificate
certificate completion achievement training accredited sample 61 document details record,Certificate
certificate completion achievement training accredited sample 62 document details record,Certificate
certificate completion achievement training accredited sample 63 document details record,Certificate
certificate completion achievement training accredited sample 64 document details record,Certificate
certificate completion achievement training accredited sample 65 document details record,Certificate
certificate completion achievement training accredited sample 66 document details record,Certificate
certificate completion achievement training accredited sample 67 document details record,Certificate
certificate completion achievement training accredited sample 68 document details record,Certificate
certificate completion achievement training accredited sample 69 document details record,Certificate
certificate completion achievement training accredited sample 70 document details record,Certificate
certificate completion achievement training accredited sample 71 document details record,Certificate
certificate completion achievement training accredited sample 72 document details record,Certificate
certificate completion achievement training accredited sample 73 document details record,Certificate
certificate completion achievement training accredited sample 74 document details record,Certificate
certificate completion achievement training accredited sample 75 document details record,Certificate
certificate completion achievement training accredited sample 76 document details record,Certificate
certificate completion achievement training accredited sample 77 document details record,Certificate
certificate completion achievement training accredited sample 78 document details record,Certificate
certificate completion achievement training accredited sample 79 document details record,Certificate
certificate completion achievement training accredited sample 80 document details record,Certificate
certificate completion achievement training accredited sample 81 document details record,Certificate
certificate completion achievement training accredited sample 82 document details record,Certificate
certificate completion achievement training accredited sample 83 document details record,Certificate
certificate completion achievement training accredited sample 84 document details record,Certificate
certificate completion achievement training accredited sample 85 document details record,Certificate
certificate completion achievement training accredited sample 86 document details record,Certificate
certificate completion achievement training accredited sample 87 document details record,Certificate
certificate completion achievement training accredited sample 88 document details record,Certificate
certificate completion achievement training accredited sample 89 document details record,Certificate
certificate completion achievement training accredited sample 90 document details record,Certificate
certificate completion achievement training accredited sample 91 document details record,Certificate
certificate completion achievement training accredited sample 92 document details record,Certificate
certificate completion achievement training accredited sample 93 document details record,Certificate
certificate completion achievement training accredited sample 94 document details record,Certificate
certificate completion achievement training accredited sample 95 document details record,Certificate
certificate completion achievement training accredited sample 96 document details record,Certificate
certificate completion achievement training accredited sample 97 document details record,Certificate
certificate completion achievement training accredited sample 98 document details record,Certificate
certificate completion achievement training accredited sample 99 document details record,Certificate
certificate completion achievement training accredited sample 100 document details record,Certificate
semester grades credits academic transcript university sample 1 document details record,AcademicTranscript
semester grades credits academic transcript university sample 2 document details record,AcademicTranscript
semester grades credits academic transcript university sample 3 document details record,AcademicTranscript
semester grades credits academic transcript university sample 4 document details record,AcademicTranscript
semester grades credits academic transcript university sample 5 document details record,AcademicTranscript
semester grades credits academic transcript university sample 6 document details record,AcademicTranscript
semester grades credits academic transcript university sample 7 document details record,AcademicTranscript
semester grades credits academic transcript university sample 8 document details record,AcademicTranscript
semester grades credits academic transcript university sample 9 document details record,AcademicTranscript
semester grades credits academic transcript university sample 10 document details record,AcademicTranscript
semester grades credits academic transcript university sample 11 document details record,AcademicTranscript
semester grades credits academic transcript university sample 12 document details record,AcademicTranscript
semester grades credits academic transcript university sample 13 document details record,AcademicTranscript
semester grades credits academic transcript university sample 14 document details record,AcademicTranscript
semester grades credits academic transcript university sample 15 document details record,AcademicTranscript
semester grades credits academic transcript university sample 16 document details record,AcademicTranscript
semester grades credits academic transcript university sample 17 document details record,AcademicTranscript
semester grades credits academic transcript university sample 18 document details record,AcademicTranscript
semester grades credits academic transcript university sample 19 document details record,AcademicTranscript
semester grades credits academic transcript university sample 20 document details record,AcademicTranscript
semester grades credits academic transcript university sample 21 document details record,AcademicTranscript
semester grades credits academic transcript university sample 22 document details record,AcademicTranscript
semester grades credits academic transcript university sample 23 document details record,AcademicTranscript
semester grades credits academic transcript university sample 24 document details record,AcademicTranscript
semester grades credits academic transcript university sample 25 document details record,AcademicTranscript
semester grades credits academic transcript university sample 26 document details record,AcademicTranscript
semester grades credits academic transcript university sample 27 document details record,AcademicTranscript
semester grades credits academic transcript university sample 28 document details record,AcademicTranscript
semester grades credits academic transcript university sample 29 document details record,AcademicTranscript
semester grades credits academic transcript university sample 30 document details record,AcademicTranscript
semester grades credits academic transcript university sample 31 document details record,AcademicTranscript
semester grades credits academic transcript university sample 32 document details record,AcademicTranscript
semester grades credits academic transcript university sample 33 document details record,AcademicTranscript
semester grades credits academic transcript university sample 34 document details record,AcademicTranscript
semester grades credits academic transcript university sample 35 document details record,AcademicTranscript
semester grades credits academic transcript university sample 36 document details record,AcademicTranscript
semester grades credits academic transcript university sample 37 document details record,AcademicTranscript
semester grades credits academic transcript university sample 38 document details record,AcademicTranscript
semester grades credits academic transcript university sample 39 document details record,AcademicTranscript
semester grades credits academic transcript university sample 40 document details record,AcademicTranscript
semester grades credits academic transcript university sample 41 document details record,AcademicTranscript
semester grades credits academic transcript university sample 42 document details record,AcademicTranscript
semester grades credits academic transcript university sample 43 document details record,AcademicTranscript
semester grades credits academic transcript university sample 44 document details record,AcademicTranscript
semester grades credits academic transcript university sample 45 document details record,AcademicTranscript
semester grades credits academic transcript university sample 46 document details record,AcademicTranscript
semester grades credits academic transcript university sample 47 document details record,AcademicTranscript
semester grades credits academic transcript university sample 48 document details record,AcademicTranscript
semester grades credits academic transcript university sample 49 document details record,AcademicTranscript
semester grades credits academic transcript university sample 50 document details record,AcademicTranscript
semester grades credits academic transcript university sample 51 document details record,AcademicTranscript
semester grades credits academic transcript university sample 52 document details record,AcademicTranscript
semester grades credits academic transcript university sample 53 document details record,AcademicTranscript
semester grades credits academic transcript university sample 54 document details record,AcademicTranscript
semester grades credits academic transcript university sample 55 document details record,AcademicTranscript
semester grades credits academic transcript university sample 56 document details record,AcademicTranscript
semester grades credits academic transcript university sample 57 document details record,AcademicTranscript
semester grades credits academic transcript university sample 58 document details record,AcademicTranscript
semester grades credits academic transcript university sample 59 document details record,AcademicTranscript
semester grades credits academic transcript university sample 60 document details record,AcademicTranscript
semester grades credits academic transcript university sample 61 document details record,AcademicTranscript
semester grades credits academic transcript university sample 62 document details record,AcademicTranscript
semester grades credits academic transcript university sample 63 document details record,AcademicTranscript
semester grades credits academic transcript university sample 64 document details record,AcademicTranscript
semester grades credits academic transcript university sample 65 document details record,AcademicTranscript
semester grades credits academic transcript university sample 66 document details record,AcademicTranscript
semester grades credits academic transcript university sample 67 document details record,AcademicTranscript
semester grades credits academic transcript university sample 68 document details record,AcademicTranscript
semester grades credits academic transcript university sample 69 document details record,AcademicTranscript
semester grades credits academic transcript university sample 70 document details record,AcademicTranscript
semester grades credits academic transcript university sample 71 document details record,AcademicTranscript
semester grades credits academic transcript university sample 72 document details record,AcademicTranscript
semester grades credits academic transcript university sample 73 document details record,AcademicTranscript
semester grades credits academic transcript university sample 74 document details record,AcademicTranscript
semester grades credits academic transcript university sample 75 document details record,AcademicTranscript
semester grades credits academic transcript university sample 76 document details record,AcademicTranscript
semester grades credits academic transcript university sample 77 document details record,AcademicTranscript
semester grades credits academic transcript university sample 78 document details record,AcademicTranscript
semester grades credits academic transcript university sample 79 document details record,AcademicTranscript
semester grades credits academic transcript university sample 80 document details record,AcademicTranscript
semester grades credits academic transcript university sample 81 document details record,AcademicTranscript
semester grades credits academic transcript university sample 82 document details record,AcademicTranscript
semester grades credits academic transcript university sample 83 document details record,AcademicTranscript
semester grades credits academic transcript university sample 84 document details record,AcademicTranscript
semester grades credits academic transcript university sample 85 document details record,AcademicTranscript
semester grades credits academic transcript university sample 86 document details record,AcademicTranscript
semester grades credits academic transcript university sample 87 document details record,AcademicTranscript
semester grades credits academic transcript university sample 88 document details record,AcademicTranscript
semester grades credits academic transcript university sample 89 document details record,AcademicTranscript
semester grades credits academic transcript university sample 90 document details record,AcademicTranscript
semester grades credits academic transcript university sample 91 document details record,AcademicTranscript
semester grades credits academic transcript university sample 92 document details record,AcademicTranscript
semester grades credits academic transcript university sample 93 document details record,AcademicTranscript
semester grades credits academic transcript university sample 94 document details record,AcademicTranscript
semester grades credits academic transcript university sample 95 document details record,AcademicTranscript
semester grades credits academic transcript university sample 96 document details record,AcademicTranscript
semester grades credits academic transcript university sample 97 document details record,AcademicTranscript
semester grades credits academic transcript university sample 98 document details record,AcademicTranscript
semester grades credits academic transcript university sample 99 document details record,AcademicTranscript
semester grades credits academic transcript university sample 100 document details record,AcademicTranscript
electricity water gas utility bill consumption sample 1 document details record,UtilityBill
electricity water gas utility bill consumption sample 2 document details record,UtilityBill
electricity water gas utility bill consumption sample 3 document details record,UtilityBill
electricity water gas utility bill consumption sample 4 document details record,UtilityBill
electricity water gas utility bill consumption sample 5 document details record,UtilityBill
electricity water gas utility bill consumption sample 6 document details record,UtilityBill
electricity water gas utility bill consumption sample 7 document details record,UtilityBill
electricity water gas utility bill consumption sample 8 document details record,UtilityBill
electricity water gas utility bill consumption sample 9 document details record,UtilityBill
electricity water gas utility bill consumption sample 10 document details record,UtilityBill
electricity water gas utility bill consumption sample 11 document details record,UtilityBill
electricity water gas utility bill consumption sample 12 document details record,UtilityBill
electricity water gas utility bill consumption sample 13 document details record,UtilityBill
electricity water gas utility bill consumption sample 14 document details record,UtilityBill
electricity water gas utility bill consumption sample 15 document details record,UtilityBill
electricity water gas utility bill consumption sample 16 document details record,UtilityBill
electricity water gas utility bill consumption sample 17 document details record,UtilityBill
electricity water gas utility bill consumption sample 18 document details record,UtilityBill
electricity water gas utility bill consumption sample 19 document details record,UtilityBill
electricity water gas utility bill consumption sample 20 document details record,UtilityBill
electricity water gas utility bill consumption sample 21 document details record,UtilityBill
electricity water gas utility bill consumption sample 22 document details record,UtilityBill
electricity water gas utility bill consumption sample 23 document details record,UtilityBill
electricity water gas utility bill consumption sample 24 document details record,UtilityBill
electricity water gas utility bill consumption sample 25 document details record,UtilityBill
electricity water gas utility bill consumption sample 26 document details record,UtilityBill
electricity water gas utility bill consumption sample 27 document details record,UtilityBill
electricity water gas utility bill consumption sample 28 document details record,UtilityBill
electricity water gas utility bill consumption sample 29 document details record,UtilityBill
electricity water gas utility bill consumption sample 30 document details record,UtilityBill
electricity water gas utility bill consumption sample 31 document details record,UtilityBill
electricity water gas utility bill consumption sample 32 document details record,UtilityBill
electricity water gas utility bill consumption sample 33 document details record,UtilityBill
electricity water gas utility bill consumption sample 34 document details record,UtilityBill
electricity water gas utility bill consumption sample 35 document details record,UtilityBill
electricity water gas utility bill consumption sample 36 document details record,UtilityBill
electricity water gas utility bill consumption sample 37 document details record,UtilityBill
electricity water gas utility bill consumption sample 38 document details record,UtilityBill
electricity water gas utility bill consumption sample 39 document details record,UtilityBill
electricity water gas utility bill consumption sample 40 document details record,UtilityBill
electricity water gas utility bill consumption sample 41 document details record,UtilityBill
electricity water gas utility bill consumption sample 42 document details record,UtilityBill
electricity water gas utility bill consumption sample 43 document details record,UtilityBill
electricity water gas utility bill consumption sample 44 document details record,UtilityBill
electricity water gas utility bill consumption sample 45 document details record,UtilityBill
electricity water gas utility bill consumption sample 46 document details record,UtilityBill
electricity water gas utility bill consumption sample 47 document details record,UtilityBill
electricity water gas utility bill consumption sample 48 document details record,UtilityBill
electricity water gas utility bill consumption sample 49 document details record,UtilityBill
electricity water gas utility bill consumption sample 50 document details record,UtilityBill
electricity water gas utility bill consumption sample 51 document details record,UtilityBill
electricity water gas utility bill consumption sample 52 document details record,UtilityBill
electricity water gas utility bill consumption sample 53 document details record,UtilityBill
electricity water gas utility bill consumption sample 54 document details record,UtilityBill
electricity water gas utility bill consumption sample 55 document details record,UtilityBill
electricity water gas utility bill consumption sample 56 document details record,UtilityBill
electricity water gas utility bill consumption sample 57 document details record,UtilityBill
electricity water gas utility bill consumption sample 58 document details record,UtilityBill
electricity water gas utility bill consumption sample 59 document details record,UtilityBill
electricity water gas utility bill consumption sample 60 document details record,UtilityBill
electricity water gas utility bill consumption sample 61 document details record,UtilityBill
electricity water gas utility bill consumption sample 62 document details record,UtilityBill
electricity water gas utility bill consumption sample 63 document details record,UtilityBill
electricity water gas utility bill consumption sample 64 document details record,UtilityBill
electricity water gas utility bill consumption sample 65 document details record,UtilityBill
electricity water gas utility bill consumption sample 66 document details record,UtilityBill
electricity water gas utility bill consumption sample 67 document details record,UtilityBill
electricity water gas utility bill consumption sample 68 document details record,UtilityBill
electricity water gas utility bill consumption sample 69 document details record,UtilityBill
electricity water gas utility bill consumption sample 70 document details record,UtilityBill
electricity water gas utility bill consumption sample 71 document details record,UtilityBill
electricity water gas utility bill consumption sample 72 document details record,UtilityBill
electricity water gas utility bill consumption sample 73 document details record,UtilityBill
electricity water gas utility bill consumption sample 74 document details record,UtilityBill
electricity water gas utility bill consumption sample 75 document details record,UtilityBill
electricity water gas utility bill consumption sample 76 document details record,UtilityBill
electricity water gas utility bill consumption sample 77 document details record,UtilityBill
electricity water gas utility bill consumption sample 78 document details record,UtilityBill
electricity water gas utility bill consumption sample 79 document details record,UtilityBill
electricity water gas utility bill consumption sample 80 document details record,UtilityBill
electricity water gas utility bill consumption sample 81 document details record,UtilityBill
electricity water gas utility bill consumption sample 82 document details record,UtilityBill
electricity water gas utility bill consumption sample 83 document details record,UtilityBill
electricity water gas utility bill consumption sample 84 document details record,UtilityBill
electricity water gas utility bill consumption sample 85 document details record,UtilityBill
electricity water gas utility bill consumption sample 86 document details record,UtilityBill
electricity water gas utility bill consumption sample 87 document details record,UtilityBill
electricity water gas utility bill consumption sample 88 document details record,UtilityBill
electricity water gas utility bill consumption sample 89 document details record,UtilityBill
electricity water gas utility bill consumption sample 90 document details record,UtilityBill
electricity water gas utility bill consumption sample 91 document details record,UtilityBill
electricity water gas utility bill consumption sample 92 document details record,UtilityBill
electricity water gas utility bill consumption sample 93 document details record,UtilityBill
electricity water gas utility bill consumption sample 94 document details record,UtilityBill
electricity water gas utility bill consumption sample 95 document details record,UtilityBill
electricity water gas utility bill consumption sample 96 document details record,UtilityBill
electricity water gas utility bill consumption sample 97 document details record,UtilityBill
electricity water gas utility bill consumption sample 98 document details record,UtilityBill
electricity water gas utility bill consumption sample 99 document details record,UtilityBill
electricity water gas utility bill consumption sample 100 document details record,UtilityBill
passport identity card license aadhaar document sample 1 document details record,IDDocument
passport identity card license aadhaar document sample 2 document details record,IDDocument
passport identity card license aadhaar document sample 3 document details record,IDDocument
passport identity card license aadhaar document sample 4 document details record,IDDocument
passport identity card license aadhaar document sample 5 document details record,IDDocument
passport identity card license aadhaar document sample 6 document details record,IDDocument
passport identity card license aadhaar document sample 7 document details record,IDDocument
passport identity card license aadhaar document sample 8 document details record,IDDocument
passport identity card license aadhaar document sample 9 document details record,IDDocument
passport identity card license aadhaar document sample 10 document details record,IDDocument
passport identity card license aadhaar document sample 11 document details record,IDDocument
passport identity card license aadhaar document sample 12 document details record,IDDocument
passport identity card license aadhaar document sample 13 document details record,IDDocument
passport identity card license aadhaar document sample 14 document details record,IDDocument
passport identity card license aadhaar document sample 15 document details record,IDDocument
passport identity card license aadhaar document sample 16 document details record,IDDocument
passport identity card license aadhaar document sample 17 document details record,IDDocument
passport identity card license aadhaar document sample 18 document details record,IDDocument
passport identity card license aadhaar document sample 19 document details record,IDDocument
passport identity card license aadhaar document sample 20 document details record,IDDocument
passport identity card license aadhaar document sample 21 document details record,IDDocument
passport identity card license aadhaar document sample 22 document details record,IDDocument
passport identity card license aadhaar document sample 23 document details record,IDDocument
passport identity card license aadhaar document sample 24 document details record,IDDocument
passport identity card license aadhaar document sample 25 document details record,IDDocument
passport identity card license aadhaar document sample 26 document details record,IDDocument
passport identity card license aadhaar document sample 27 document details record,IDDocument
passport identity card license aadhaar document sample 28 document details record,IDDocument
passport identity card license aadhaar document sample 29 document details record,IDDocument
passport identity card license aadhaar document sample 30 document details record,IDDocument
passport identity card license aadhaar document sample 31 document details record,IDDocument
passport identity card license aadhaar document sample 32 document details record,IDDocument
passport identity card license aadhaar document sample 33 document details record,IDDocument
passport identity card license aadhaar document sample 34 document details record,IDDocument
passport identity card license aadhaar document sample 35 document details record,IDDocument
passport identity card license aadhaar document sample 36 document details record,IDDocument
passport identity card license aadhaar document sample 37 document details record,IDDocument
passport identity card license aadhaar document sample 38 document details record,IDDocument
passport identity card license aadhaar document sample 39 document details record,IDDocument
passport identity card license aadhaar document sample 40 document details record,IDDocument
passport identity card license aadhaar document sample 41 document details record,IDDocument
passport identity card license aadhaar document sample 42 document details record,IDDocument
passport identity card license aadhaar document sample 43 document details record,IDDocument
passport identity card license aadhaar document sample 44 document details record,IDDocument
passport identity card license aadhaar document sample 45 document details record,IDDocument
passport identity card license aadhaar document sample 46 document details record,IDDocument
passport identity card license aadhaar document sample 47 document details record,IDDocument
passport identity card license aadhaar document sample 48 document details record,IDDocument
passport identity card license aadhaar document sample 49 document details record,IDDocument
passport identity card license aadhaar document sample 50 document details record,IDDocument
passport identity card license aadhaar document sample 51 document details record,IDDocument
passport identity card license aadhaar document sample 52 document details record,IDDocument
passport identity card license aadhaar document sample 53 document details record,IDDocument
passport identity card license aadhaar document sample 54 document details record,IDDocument
passport identity card license aadhaar document sample 55 document details record,IDDocument
passport identity card license aadhaar document sample 56 document details record,IDDocument
passport identity card license aadhaar document sample 57 document details record,IDDocument
passport identity card license aadhaar document sample 58 document details record,IDDocument
passport identity card license aadhaar document sample 59 document details record,IDDocument
passport identity card license aadhaar document sample 60 document details record,IDDocument
passport identity card license aadhaar document sample 61 document details record,IDDocument
passport identity card license aadhaar document sample 62 document details record,IDDocument
passport identity card license aadhaar document sample 63 document details record,IDDocument
passport identity card license aadhaar document sample 64 document details record,IDDocument
passport identity card license aadhaar document sample 65 document details record,IDDocument
passport identity card license aadhaar document sample 66 document details record,IDDocument
passport identity card license aadhaar document sample 67 document details record,IDDocument
passport identity card license aadhaar document sample 68 document details record,IDDocument
passport identity card license aadhaar document sample 69 document details record,IDDocument
passport identity card license aadhaar document sample 70 document details record,IDDocument
passport identity card license aadhaar document sample 71 document details record,IDDocument
passport identity card license aadhaar document sample 72 document details record,IDDocument
passport identity card license aadhaar document sample 73 document details record,IDDocument
passport identity card license aadhaar document sample 74 document details record,IDDocument
passport identity card license aadhaar document sample 75 document details record,IDDocument
passport identity card license aadhaar document sample 76 document details record,IDDocument
passport identity card license aadhaar document sample 77 document details record,IDDocument
passport identity card license aadhaar document sample 78 document details record,IDDocument
passport identity card license aadhaar document sample 79 document details record,IDDocument
passport identity card license aadhaar document sample 80 document details record,IDDocument
passport identity card license aadhaar document sample 81 document details record,IDDocument
passport identity card license aadhaar document sample 82 document details record,IDDocument
passport identity card license aadhaar document sample 83 document details record,IDDocument
passport identity card license aadhaar document sample 84 document details record,IDDocument
passport identity card license aadhaar document sample 85 document details record,IDDocument
passport identity card license aadhaar document sample 86 document details record,IDDocument
passport identity card license aadhaar document sample 87 document details record,IDDocument
passport identity card license aadhaar document sample 88 document details record,IDDocument
passport identity card license aadhaar document sample 89 document details record,IDDocument
passport identity card license aadhaar document sample 90 document details record,IDDocument
passport identity card license aadhaar document sample 91 document details record,IDDocument
passport identity card license aadhaar document sample 92 document details record,IDDocument
passport identity card license aadhaar document sample 93 document details record,IDDocument
passport identity card license aadhaar document sample 94 document details record,IDDocument
passport identity card license aadhaar document sample 95 document details record,IDDocument
passport identity card license aadhaar document sample 96 document details record,IDDocument
passport identity card license aadhaar document sample 97 document details record,IDDocument
passport identity card license aadhaar document sample 98 document details record,IDDocument
passport identity card license aadhaar document sample 99 document details record,IDDocument
passport identity card license aadhaar document sample 100 document details record,IDDocument
meeting agenda discussion decisions action items sample 1 document details record,MeetingMinutes
meeting agenda discussion decisions action items sample 2 document details record,MeetingMinutes
meeting agenda discussion decisions action items sample 3 document details record,MeetingMinutes
meeting agenda discussion decisions action items sample 4 document details record,MeetingMinutes
meeting agenda discussion decisions action items sample 5 document details record,MeetingMinutes
meeting agenda discussion decisions action items sample 6 document details record,MeetingMinutes
meeting agenda discussion decisions action items sample 7 document details record,MeetingMinutes
meeting agenda discussion decisions action items sample 8 document details record,MeetingMinutes
meeting agenda discussion decisions action items sample 9 document details record,MeetingMinutes
meeting agenda discussion decisions action items sample 10 document details record,MeetingMinutes
meeting agenda discussion decisions action items sample 11 document details record,MeetingMinutes
meeting agenda discussion decisions action items sample 12 document details record,MeetingMinutes
meeting agenda discussion decisions action items sample 13 document details record,MeetingMinutes
meeting agenda discussion decisions action items sample 14 document details record,MeetingMinutes
meeting agenda discussion decisions action items sample 15 document details record,MeetingMinutes
meeting agenda discussion decisions action items sample 16 document details record,MeetingMinutes
meeting agenda discussion decisions action items sample 17 document details record,MeetingMinutes
meeting agenda discussion decisions action items sample 18 document details record,MeetingMinutes
meeting agenda discussion decisions action items sample 19 document details record,MeetingMinutes
meeting agenda discussion decisions action items sample 20 document details record,MeetingMinutes
meeting agenda discussion decisions action items sample 21 document details record,MeetingMinutes
meeting agenda discussion decisions action items sample 22 document details record,MeetingMinutes
meeting agenda discussion decisions action items sample 23 document details record,MeetingMinutes
meeting agenda discussion decisions action items sample 24 document details record,MeetingMinutes
meeting agenda discussion decisions action items sample 25 document details record,MeetingMinutes
meeting agenda discussion decisions action items sample 26 document details record,MeetingMinutes
meeting agenda discussion decisions action items sample 27 document details record,MeetingMinutes
meeting agenda discussion decisions action items sample 28 document details record,MeetingMinutes
meeting agenda discussion decisions action items sample 29 document details record,MeetingMinutes
meeting agenda discussion decisions action items sample 30 document details record,MeetingMinutes
meeting agenda discussion decisions action items sample 31 document details record,MeetingMinutes
meeting agenda discussion decisions action items sample 32 document details record,MeetingMinutes
meeting agenda discussion decisions action items sample 33 document details record,MeetingMinutes
meeting agenda discussion decisions action items sample 34 document details record,MeetingMinutes
meeting agenda discussion decisions action items sample 35 document details record,MeetingMinutes
meeting agenda discussion decisions action items sample 36 document details record,MeetingMinutes
meeting agenda discussion decisions action items sample 37 document details record,MeetingMinutes
meeting agenda discussion decisions action items sample 38 document details record,MeetingMinutes
meeting agenda discussion decisions action items sample 39 document details record,MeetingMinutes
meeting agenda discussion decisions action items sample 40 document details record,MeetingMinutes
meeting agenda discussion decisions action items sample 41 document details record,MeetingMinutes
meeting agenda discussion decisions action items sample 42 document details record,MeetingMinutes
meeting agenda discussion decisions action items sample 43 document details record,MeetingMinutes
meeting agenda discussion decisions action items sample 44 document details record,MeetingMinutes
meeting agenda discussion decisions action items sample 45 document details record,MeetingMinutes
meeting agenda discussion decisions action items sample 46 document details record,MeetingMinutes
meeting agenda discussion decisions action items sample 47 document details record,MeetingMinutes
meeting agenda discussion decisions action items sample 48 document details record,MeetingMinutes
meeting agenda discussion decisions action items sample 49 document details record,MeetingMinutes
meeting agenda discussion decisions action items sample 50 document details record,MeetingMinutes
meeting agenda discussion decisions action items sample 51 document details record,MeetingMinutes
meeting agenda discussion decisions action items sample 52 document details record,MeetingMinutes
meeting agenda discussion decisions action items sample 53 document details record,MeetingMinutes
meeting agenda discussion decisions action items sample 54 document details record,MeetingMinutes
meeting agenda discussion decisions action items sample 55 document details record,MeetingMinutes
meeting agenda discussion decisions action items sample 56 document details record,MeetingMinutes
meeting agenda discussion decisions action items sample 57 document details record,MeetingMinutes
meeting agenda discussion decisions action items sample 58 document details record,MeetingMinutes
meeting agenda discussion decisions action items sample 59 document details record,MeetingMinutes
meeting agenda discussion decisions action items sample 60 document details record,MeetingMinutes
meeting agenda discussion decisions action items sample 61 document details record,MeetingMinutes
meeting agenda discussion decisions action items sample 62 document details record,MeetingMinutes
meeting agenda discussion decisions action items sample 63 document details record,MeetingMinutes
meeting agenda discussion decisions action items sample 64 document details record,MeetingMinutes
meeting agenda discussion decisions action items sample 65 document details record,MeetingMinutes
meeting agenda discussion decisions action items sample 66 document details record,MeetingMinutes
meeting agenda discussion decisions action items sample 67 document details record,MeetingMinutes
meeting agenda discussion decisions action items sample 68 document details record,MeetingMinutes
meeting agenda discussion decisions action items sample 69 document details record,MeetingMinutes
meeting agenda discussion decisions action items sample 70 document details record,MeetingMinutes
meeting agenda discussion decisions action items sample 71 document details record,MeetingMinutes
meeting agenda discussion decisions action items sample 72 document details record,MeetingMinutes
meeting agenda discussion decisions action items sample 73 document details record,MeetingMinutes
meeting agenda discussion decisions action items sample 74 document details record,MeetingMinutes
meeting agenda discussion decisions action items sample 75 document details record,MeetingMinutes
meeting agenda discussion decisions action items sample 76 document details record,MeetingMinutes
meeting agenda discussion decisions action items sample 77 document details record,MeetingMinutes
meeting agenda discussion decisions action items sample 78 document details record,MeetingMinutes
meeting agenda discussion decisions action items sample 79 document details record,MeetingMinutes
meeting agenda discussion decisions action items sample 80 document details record,MeetingMinutes
meeting agenda discussion decisions action items sample 81 document details record,MeetingMinutes
meeting agenda discussion decisions action items sample 82 document details record,MeetingMinutes
meeting agenda discussion decisions action items sample 83 document details record,MeetingMinutes
meeting agenda discussion decisions action items sample 84 document details record,MeetingMinutes
meeting agenda discussion decisions action items sample 85 document details record,MeetingMinutes
meeting agenda discussion decisions action items sample 86 document details record,MeetingMinutes
meeting agenda discussion decisions action items sample 87 document details record,MeetingMinutes
meeting agenda discussion decisions action items sample 88 document details record,MeetingMinutes
meeting agenda discussion decisions action items sample 89 document details record,MeetingMinutes
meeting agenda discussion decisions action items sample 90 document details record,MeetingMinutes
meeting agenda discussion decisions action items sample 91 document details record,MeetingMinutes
meeting agenda discussion decisions action items sample 92 document details record,MeetingMinutes
meeting agenda discussion decisions action items sample 93 document details record,MeetingMinutes
meeting agenda discussion decisions action items sample 94 document details record,MeetingMinutes
meeting agenda discussion decisions action items sample 95 document details record,MeetingMinutes
meeting agenda discussion decisions action items sample 96 document details record,MeetingMinutes
meeting agenda discussion decisions action items sample 97 document details record,MeetingMinutes
meeting agenda discussion decisions action items sample 98 document details record,MeetingMinutes
meeting agenda discussion decisions action items sample 99 document details record,MeetingMinutes
meeting agenda discussion decisions action items sample 100 document details record,MeetingMinutes
project objectives implementation results recommendations sample 1 document details record,ProjectReport
project objectives implementation results recommendations sample 2 document details record,ProjectReport
project objectives implementation results recommendations sample 3 document details record,ProjectReport
project objectives implementation results recommendations sample 4 document details record,ProjectReport
project objectives implementation results recommendations sample 5 document details record,ProjectReport
project objectives implementation results recommendations sample 6 document details record,ProjectReport
project objectives implementation results recommendations sample 7 document details record,ProjectReport
project objectives implementation results recommendations sample 8 document details record,ProjectReport
project objectives implementation results recommendations sample 9 document details record,ProjectReport
project objectives implementation results recommendations sample 10 document details record,ProjectReport
project objectives implementation results recommendations sample 11 document details record,ProjectReport
project objectives implementation results recommendations sample 12 document details record,ProjectReport
project objectives implementation results recommendations sample 13 document details record,ProjectReport
project objectives implementation results recommendations sample 14 document details record,ProjectReport
project objectives implementation results recommendations sample 15 document details record,ProjectReport
project objectives implementation results recommendations sample 16 document details record,ProjectReport
project objectives implementation results recommendations sample 17 document details record,ProjectReport
project objectives implementation results recommendations sample 18 document details record,ProjectReport
project objectives implementation results recommendations sample 19 document details record,ProjectReport
project objectives implementation results recommendations sample 20 document details record,ProjectReport
project objectives implementation results recommendations sample 21 document details record,ProjectReport
project objectives implementation results recommendations sample 22 document details record,ProjectReport
project objectives implementation results recommendations sample 23 document details record,ProjectReport
project objectives implementation results recommendations sample 24 document details record,ProjectReport
project objectives implementation results recommendations sample 25 document details record,ProjectReport
project objectives implementation results recommendations sample 26 document details record,ProjectReport
project objectives implementation results recommendations sample 27 document details record,ProjectReport
project objectives implementation results recommendations sample 28 document details record,ProjectReport
project objectives implementation results recommendations sample 29 document details record,ProjectReport
project objectives implementation results recommendations sample 30 document details record,ProjectReport
project objectives implementation results recommendations sample 31 document details record,ProjectReport
project objectives implementation results recommendations sample 32 document details record,ProjectReport
project objectives implementation results recommendations sample 33 document details record,ProjectReport
project objectives implementation results recommendations sample 34 document details record,ProjectReport
project objectives implementation results recommendations sample 35 document details record,ProjectReport
project objectives implementation results recommendations sample 36 document details record,ProjectReport
project objectives implementation results recommendations sample 37 document details record,ProjectReport
project objectives implementation results recommendations sample 38 document details record,ProjectReport
project objectives implementation results recommendations sample 39 document details record,ProjectReport
project objectives implementation results recommendations sample 40 document details record,ProjectReport
project objectives implementation results recommendations sample 41 document details record,ProjectReport
project objectives implementation results recommendations sample 42 document details record,ProjectReport
project objectives implementation results recommendations sample 43 document details record,ProjectReport
project objectives implementation results recommendations sample 44 document details record,ProjectReport
project objectives implementation results recommendations sample 45 document details record,ProjectReport
project objectives implementation results recommendations sample 46 document details record,ProjectReport
project objectives implementation results recommendations sample 47 document details record,ProjectReport
project objectives implementation results recommendations sample 48 document details record,ProjectReport
project objectives implementation results recommendations sample 49 document details record,ProjectReport
project objectives implementation results recommendations sample 50 document details record,ProjectReport
project objectives implementation results recommendations sample 51 document details record,ProjectReport
project objectives implementation results recommendations sample 52 document details record,ProjectReport
project objectives implementation results recommendations sample 53 document details record,ProjectReport
project objectives implementation results recommendations sample 54 document details record,ProjectReport
project objectives implementation results recommendations sample 55 document details record,ProjectReport
project objectives implementation results recommendations sample 56 document details record,ProjectReport
project objectives implementation results recommendations sample 57 document details record,ProjectReport
project objectives implementation results recommendations sample 58 document details record,ProjectReport
project objectives implementation results recommendations sample 59 document details record,ProjectReport
project objectives implementation results recommendations sample 60 document details record,ProjectReport
project objectives implementation results recommendations sample 61 document details record,ProjectReport
project objectives implementation results recommendations sample 62 document details record,ProjectReport
project objectives implementation results recommendations sample 63 document details record,ProjectReport
project objectives implementation results recommendations sample 64 document details record,ProjectReport
project objectives implementation results recommendations sample 65 document details record,ProjectReport
project objectives implementation results recommendations sample 66 document details record,ProjectReport
project objectives implementation results recommendations sample 67 document details record,ProjectReport
project objectives implementation results recommendations sample 68 document details record,ProjectReport
project objectives implementation results recommendations sample 69 document details record,ProjectReport
project objectives implementation results recommendations sample 70 document details record,ProjectReport
project objectives implementation results recommendations sample 71 document details record,ProjectReport
project objectives implementation results recommendations sample 72 document details record,ProjectReport
project objectives implementation results recommendations sample 73 document details record,ProjectReport
project objectives implementation results recommendations sample 74 document details record,ProjectReport
project objectives implementation results recommendations sample 75 document details record,ProjectReport
project objectives implementation results recommendations sample 76 document details record,ProjectReport
project objectives implementation results recommendations sample 77 document details record,ProjectReport
project objectives implementation results recommendations sample 78 document details record,ProjectReport
project objectives implementation results recommendations sample 79 document details record,ProjectReport
project objectives implementation results recommendations sample 80 document details record,ProjectReport
project objectives implementation results recommendations sample 81 document details record,ProjectReport
project objectives implementation results recommendations sample 82 document details record,ProjectReport
project objectives implementation results recommendations sample 83 document details record,ProjectReport
project objectives implementation results recommendations sample 84 document details record,ProjectReport
project objectives implementation results recommendations sample 85 document details record,ProjectReport
project objectives implementation results recommendations sample 86 document details record,ProjectReport
project objectives implementation results recommendations sample 87 document details record,ProjectReport
project objectives implementation results recommendations sample 88 document details record,ProjectReport
project objectives implementation results recommendations sample 89 document details record,ProjectReport
project objectives implementation results recommendations sample 90 document details record,ProjectReport
project objectives implementation results recommendations sample 91 document details record,ProjectReport
project objectives implementation results recommendations sample 92 document details record,ProjectReport
project objectives implementation results recommendations sample 93 document details record,ProjectReport
project objectives implementation results recommendations sample 94 document details record,ProjectReport
project objectives implementation results recommendations sample 95 document details record,ProjectReport
project objectives implementation results recommendations sample 96 document details record,ProjectReport
project objectives implementation results recommendations sample 97 document details record,ProjectReport
project objectives implementation results recommendations sample 98 document details record,ProjectReport
project objectives implementation results recommendations sample 99 document details record,ProjectReport
project objectives implementation results recommendations sample 100 document details record,ProjectReport
miscellaneous general document information content sample 1 document details record,Unknown
miscellaneous general document information content sample 2 document details record,Unknown
miscellaneous general document information content sample 3 document details record,Unknown
miscellaneous general document information content sample 4 document details record,Unknown
miscellaneous general document information content sample 5 document details record,Unknown
miscellaneous general document information content sample 6 document details record,Unknown
miscellaneous general document information content sample 7 document details record,Unknown
miscellaneous general document information content sample 8 document details record,Unknown
miscellaneous general document information content sample 9 document details record,Unknown
miscellaneous general document information content sample 10 document details record,Unknown
miscellaneous general document information content sample 11 document details record,Unknown
miscellaneous general document information content sample 12 document details record,Unknown
miscellaneous general document information content sample 13 document details record,Unknown
miscellaneous general document information content sample 14 document details record,Unknown
miscellaneous general document information content sample 15 document details record,Unknown
miscellaneous general document information content sample 16 document details record,Unknown
miscellaneous general document information content sample 17 document details record,Unknown
miscellaneous general document information content sample 18 document details record,Unknown
miscellaneous general document information content sample 19 document details record,Unknown
miscellaneous general document information content sample 20 document details record,Unknown
miscellaneous general document information content sample 21 document details record,Unknown
miscellaneous general document information content sample 22 document details record,Unknown
miscellaneous general document information content sample 23 document details record,Unknown
miscellaneous general document information content sample 24 document details record,Unknown
miscellaneous general document information content sample 25 document details record,Unknown
miscellaneous general document information content sample 26 document details record,Unknown
miscellaneous general document information content sample 27 document details record,Unknown
miscellaneous general document information content sample 28 document details record,Unknown
miscellaneous general document information content sample 29 document details record,Unknown
miscellaneous general document information content sample 30 document details record,Unknown
miscellaneous general document information content sample 31 document details record,Unknown
miscellaneous general document information content sample 32 document details record,Unknown
miscellaneous general document information content sample 33 document details record,Unknown
miscellaneous general document information content sample 34 document details record,Unknown
miscellaneous general document information content sample 35 document details record,Unknown
miscellaneous general document information content sample 36 document details record,Unknown
miscellaneous general document information content sample 37 document details record,Unknown
miscellaneous general document information content sample 38 document details record,Unknown
miscellaneous general document information content sample 39 document details record,Unknown
miscellaneous general document information content sample 40 document details record,Unknown
miscellaneous general document information content sample 41 document details record,Unknown
miscellaneous general document information content sample 42 document details record,Unknown
miscellaneous general document information content sample 43 document details record,Unknown
miscellaneous general document information content sample 44 document details record,Unknown
miscellaneous general document information content sample 45 document details record,Unknown
miscellaneous general document information content sample 46 document details record,Unknown
miscellaneous general document information content sample 47 document details record,Unknown
miscellaneous general document information content sample 48 document details record,Unknown
miscellaneous general document information content sample 49 document details record,Unknown
miscellaneous general document information content sample 50 document details record,Unknown
miscellaneous general document information content sample 51 document details record,Unknown
miscellaneous general document information content sample 52 document details record,Unknown
miscellaneous general document information content sample 53 document details record,Unknown
miscellaneous general document information content sample 54 document details record,Unknown
miscellaneous general document information content sample 55 document details record,Unknown
miscellaneous general document information content sample 56 document details record,Unknown
miscellaneous general document information content sample 57 document details record,Unknown
miscellaneous general document information content sample 58 document details record,Unknown
miscellaneous general document information content sample 59 document details record,Unknown
miscellaneous general document information content sample 60 document details record,Unknown
miscellaneous general document information content sample 61 document details record,Unknown
miscellaneous general document information content sample 62 document details record,Unknown
miscellaneous general document information content sample 63 document details record,Unknown
miscellaneous general document information content sample 64 document details record,Unknown
miscellaneous general document information content sample 65 document details record,Unknown
miscellaneous general document information content sample 66 document details record,Unknown
miscellaneous general document information content sample 67 document details record,Unknown
miscellaneous general document information content sample 68 document details record,Unknown
miscellaneous general document information content sample 69 document details record,Unknown
miscellaneous general document information content sample 70 document details record,Unknown
miscellaneous general document information content sample 71 document details record,Unknown
miscellaneous general document information content sample 72 document details record,Unknown
miscellaneous general document information content sample 73 document details record,Unknown
miscellaneous general document information content sample 74 document details record,Unknown
miscellaneous general document information content sample 75 document details record,Unknown
miscellaneous general document information content sample 76 document details record,Unknown
miscellaneous general document information content sample 77 document details record,Unknown
miscellaneous general document information content sample 78 document details record,Unknown
miscellaneous general document information content sample 79 document details record,Unknown
miscellaneous general document information content sample 80 document details record,Unknown
miscellaneous general document information content sample 81 document details record,Unknown
miscellaneous general document information content sample 82 document details record,Unknown
miscellaneous general document information content sample 83 document details record,Unknown
miscellaneous general document information content sample 84 document details record,Unknown
miscellaneous general document information content sample 85 document details record,Unknown
miscellaneous general document information content sample 86 document details record,Unknown
miscellaneous general document information content sample 87 document details record,Unknown
miscellaneous general document information content sample 88 document details record,Unknown
miscellaneous general document information content sample 89 document details record,Unknown
miscellaneous general document information content sample 90 document details record,Unknown
miscellaneous general document information content sample 91 document details record,Unknown
miscellaneous general document information content sample 92 document details record,Unknown
miscellaneous general document information content sample 93 document details record,Unknown
miscellaneous general document information content sample 94 document details record,Unknown
miscellaneous general document information content sample 95 document details record,Unknown
miscellaneous general document information content sample 96 document details record,Unknown
miscellaneous general document information content sample 97 document details record,Unknown
miscellaneous general document information content sample 98 document details record,Unknown
miscellaneous general document information content sample 99 document details record,Unknown
miscellaneous general document information content sample 100 document details record,Unknown
