Loan_ID,Gender,Married,Dependents,Education,Self_Employed,ApplicantIncome,CoapplicantIncome,LoanAmount,Loan_Amount_Term,Credit_History,Property_Area,Loan_Status
LP100000,Female,No,2,Graduate,No,5906,431,223,180,1,Urban,Y
LP100001,Male,Yes,0,Graduate,Yes,2888,0,117,240,1,Urban,N
LP100002,Female,No,2,Graduate,No,4254,211,145,180,0,Rural,Y
LP100003,Female,No,0,Graduate,No,3804,612,172,120,1,Rural,Y
LP100004,Male,Yes,1,Graduate,No,3219,0,132,360,1,Semiurban,N
LP100005,Female,No,0,Graduate,No,5255,1826,193,360,1,Rural,Y
LP100006,Female,Yes,1,Graduate,No,1506,0,45,360,1,Semiurban,Y
LP100007,Female,Yes,0,Not Graduate,No,4441,3126,213,240,0,Urban,N
LP100008,Male,Yes,0,Not Graduate,Yes,4948,1603,192,120,0,Rural,N
LP100009,Male,No,1,Not Graduate,No,2691,47,90,360,1,Semiurban,N
LP100010,Male,Yes,0,Not Graduate,Yes,10682,0,234,360,0,Urban,Y
LP100011,Female,Yes,0,Graduate,No,3884,2198,210,360,1,Semiurban,N
LP100012,Female,Yes,3+,Graduate,No,4610,1257,207,120,1,Rural,N
LP100013,Female,Yes,0,Graduate,No,3888,960,150,180,1,Rural,N
LP100014,Male,Yes,1,Graduate,No,4968,1812,161,360,1,Urban,N
LP100015,Male,Yes,1,Graduate,No,9681,3346,423,300,1,Rural,Y
LP100016,Male,Yes,0,Graduate,No,16933,1280,450,180,1,Semiurban,Y
LP100017,Male,Yes,0,Not Graduate,No,7390,3121,250,240,0,Urban,Y
LP100018,Female,Yes,0,Not Graduate,No,8710,1610,285,180,1,Rural,Y
LP100019,Female,Yes,2,Not Graduate,No,11777,0,304,360,0,Urban,Y
LP100020,Female,No,0,Not Graduate,No,5822,556,198,360,1,Rural,Y
LP100021,Male,Yes,0,Not Graduate,No,10979,3588,277,360,1,Rural,Y
LP100022,Female,Yes,0,Graduate,Yes,7558,2020,188,300,1,Semiurban,Y
LP100023,Female,Yes,3+,Not Graduate,No,5536,2960,259,360,1,Urban,Y
LP100024,Female,Yes,2,Not Graduate,No,6113,1264,255,360,0,Rural,N
LP100025,Male,Yes,3+,Not Graduate,No,2155,0,66,360,1,Rural,N
LP100026,Male,No,1,Graduate,No,5944,437,235,360,1,Urban,N
LP100027,Male,Yes,1,Graduate,No,2463,5482,173,360,1,Rural,Y
LP100028,Male,Yes,1,Not Graduate,Yes,2368,0,61,240,1,Urban,Y
LP100029,Female,Yes,3+,Graduate,No,5668,0,201,360,1,Semiurban,Y
LP100030,Female,Yes,1,Graduate,No,3027,0,45,360,0,Semiurban,Y
LP100031,Female,Yes,0,Graduate,No,5149,762,101,360,1,Urban,N
LP100032,Male,Yes,1,Graduate,No,5522,1065,195,360,1,Urban,N
LP100033,Male,Yes,1,Graduate,No,5641,0,132,300,1,Rural,Y
LP100034,Male,Yes,0,Not Graduate,No,3348,582,92,360,0,Urban,N
LP100035,Male,No,0,Not Graduate,Yes,7954,149,221,240,1,Urban,N
LP100036,Male,No,0,Not Graduate,No,4950,664,145,360,1,Urban,Y
LP100037,Male,Yes,2,Graduate,No,6385,3736,339,240,1,Semiurban,Y
LP100038,Male,Yes,0,Graduate,No,2909,6442,208,300,1,Semiurban,Y
LP100039,Female,No,2,Graduate,No,4743,871,107,360,1,Semiurban,Y
LP100040,Male,Yes,0,Graduate,No,8749,1301,288,360,1,Rural,Y
LP100041,Female,No,2,Graduate,No,8231,173,212,360,1,Semiurban,N
LP100042,Female,No,0,Not Graduate,Yes,3524,90,142,180,1,Semiurban,N
LP100043,Male,No,3+,Not Graduate,No,3976,375,88,300,1,Semiurban,Y
LP100044,Female,No,1,Graduate,Yes,3215,210,98,180,1,Semiurban,N
LP100045,Female,Yes,0,Graduate,No,3770,1182,207,180,1,Semiurban,N
LP100046,Male,Yes,0,Graduate,No,2640,628,75,360,1,Semiurban,Y
LP100047,Male,Yes,0,Graduate,Yes,4835,1719,132,360,1,Semiurban,N
LP100048,Female,Yes,0,Graduate,No,7002,0,176,180,1,Urban,Y
LP100049,Male,Yes,2,Graduate,No,3545,0,100,360,1,Urban,N
LP100050,Male,No,3+,Graduate,No,4947,52,72,180,0,Rural,Y
LP100051,Male,Yes,1,Graduate,No,4648,0,150,300,1,Rural,N
LP100052,Female,Yes,1,Not Graduate,Yes,8574,666,286,240,1,Urban,N
LP100053,Female,No,0,Graduate,No,3852,95,147,240,1,Semiurban,N
LP100054,Female,Yes,2,Graduate,Yes,3920,697,91,360,1,Urban,N
LP100055,Female,Yes,2,Graduate,No,3442,4279,163,360,0,Rural,N
LP100056,Male,No,0,Graduate,No,2993,0,122,360,0,Rural,N
LP100057,Male,Yes,3+,Graduate,No,6661,3575,374,360,1,Semiurban,N
LP100058,Male,Yes,0,Not Graduate,No,4842,1102,187,360,1,Urban,N
LP100059,Male,Yes,2,Not Graduate,Yes,5304,0,156,360,1,Urban,N
LP100060,Female,No,3+,Graduate,No,9526,507,309,360,1,Urban,N
LP100061,Male,Yes,2,Graduate,No,9793,0,236,360,1,Semiurban,Y
LP100062,Male,Yes,0,Graduate,No,2344,2392,166,360,1,Urban,N
LP100063,Female,Yes,1,Graduate,No,7051,0,158,240,1,Rural,Y
LP100064,Female,Yes,0,Graduate,Yes,5758,507,68,240,1,Semiurban,Y
LP100065,Male,No,2,Not Graduate,No,4140,0,104,360,1,Urban,N
LP100066,Male,Yes,0,Graduate,No,6047,1833,142,360,1,Semiurban,Y
LP100067,Male,No,1,Graduate,No,2256,0,54,360,1,Urban,N
LP100068,Male,Yes,3+,Graduate,No,10426,0,258,360,1,Rural,N
LP100069,Male,Yes,0,Graduate,Yes,6616,0,149,360,1,Rural,N
LP100070,Male,No,0,Not Graduate,No,3411,176,92,360,1,Semiurban,Y
LP100071,Male,Yes,1,Graduate,No,3901,1447,172,360,1,Urban,Y
LP100072,Female,Yes,0,Graduate,No,2281,2415,135,120,1,Semiurban,Y
LP100073,Male,No,0,Graduate,No,4444,586,103,360,1,Urban,N
LP100074,Male,Yes,0,Not Graduate,Yes,4098,964,192,120,1,Rural,N
LP100075,Male,Yes,0,Graduate,No,2735,0,67,180,0,Urban,N
LP100076,Male,No,1,Graduate,No,7501,452,254,360,0,Semiurban,N
LP100077,Female,Yes,1,Graduate,No,9536,3283,400,120,1,Rural,N
LP100078,Male,Yes,0,Graduate,Yes,5099,0,122,360,1,Urban,N
LP100079,Female,Yes,0,Not Graduate,Yes,4462,0,73,360,0,Urban,N
LP100080,Female,Yes,0,Graduate,No,6366,1087,201,360,1,Semiurban,N
LP100081,Male,Yes,0,Graduate,No,5118,0,97,180,1,Rural,N
LP100082,Female,No,2,Graduate,No,3073,322,141,360,1,Rural,N
LP100083,Male,Yes,0,Graduate,No,3777,2491,94,360,1,Urban,Y
LP100084,Male,No,1,Graduate,No,4481,0,108,360,0,Semiurban,Y
LP100085,Male,Yes,3+,Not Graduate,No,5820,2137,181,360,1,Urban,N
LP100086,Female,Yes,1,Graduate,Yes,5190,3161,175,360,0,Urban,Y
LP100087,Male,Yes,1,Graduate,No,5716,1319,194,360,1,Urban,N
LP100088,Male,No,0,Graduate,No,2485,546,162,360,1,Rural,Y
LP100089,Male,Yes,0,Not Graduate,No,7110,3232,335,360,1,Semiurban,Y
LP100090,Male,Yes,0,Graduate,No,5175,2273,288,240,0,Semiurban,N
LP100091,Female,No,2,Graduate,No,17594,717,445,360,0,Rural,Y
LP100092,Male,Yes,2,Graduate,No,4290,1343,156,300,1,Rural,N
LP100093,Male,Yes,0,Graduate,Yes,6035,4448,369,240,0,Semiurban,N
LP100094,Male,No,0,Not Graduate,No,20091,443,382,300,0,Urban,Y
LP100095,Female,Yes,0,Graduate,Yes,5671,1436,150,300,0,Semiurban,Y
LP100096,Male,Yes,1,Graduate,No,5002,0,100,300,1,Rural,N
LP100097,Male,Yes,1,Graduate,No,3217,0,122,360,0,Urban,N
LP100098,Male,Yes,1,Graduate,No,10760,2388,406,360,1,Rural,Y
LP100099,Female,Yes,3+,Graduate,Yes,2962,662,85,360,1,Rural,Y
LP100100,Female,No,0,Graduate,No,6342,409,150,180,1,Urban,Y
LP100101,Female,Yes,1,Graduate,No,4116,1317,81,360,1,Urban,Y
LP100102,Male,No,1,Not Graduate,No,4718,0,167,180,0,Urban,N
LP100103,Female,No,0,Not Graduate,No,2608,249,73,360,1,Urban,Y
LP100104,Female,Yes,3+,Graduate,No,9845,1956,364,300,1,Semiurban,Y
LP100105,Female,No,0,Not Graduate,No,4522,1503,195,360,0,Rural,N
LP100106,Male,No,2,Not Graduate,No,2883,1617,133,360,1,Semiurban,N
LP100107,Male,No,2,Graduate,No,9427,2931,386,240,1,Urban,Y
LP100108,Male,Yes,3+,Graduate,No,4056,3497,276,240,1,Urban,Y
LP100109,Female,Yes,1,Graduate,No,6067,1778,217,300,1,Semiurban,Y
LP100110,Male,Yes,0,Graduate,No,7738,2347,293,240,1,Semiurban,N
LP100111,Male,Yes,2,Graduate,No,6487,509,232,360,0,Rural,N
LP100112,Male,Yes,2,Graduate,Yes,1800,0,61,360,1,Semiurban,N
LP100113,Male,Yes,1,Not Graduate,No,7214,0,150,360,1,Urban,Y
LP100114,Male,Yes,2,Graduate,No,4923,947,74,360,1,Rural,N
LP100115,Female,No,0,Not Graduate,Yes,4412,896,113,300,0,Semiurban,Y
LP100116,Female,Yes,1,Graduate,No,4903,4696,361,360,1,Urban,N
LP100117,Female,Yes,2,Graduate,No,2386,775,75,360,0,Semiurban,N
LP100118,Male,Yes,0,Not Graduate,No,5666,1388,138,180,1,Semiurban,Y
LP100119,Female,Yes,1,Graduate,No,2684,664,131,360,1,Semiurban,N
LP100120,Female,Yes,3+,Graduate,No,4504,1202,198,360,1,Rural,Y
LP100121,Female,Yes,2,Graduate,No,5569,1979,241,360,1,Rural,N
LP100122,Male,Yes,2,Graduate,No,8652,2202,275,360,1,Rural,N
LP100123,Male,Yes,0,Graduate,No,3486,1084,127,360,1,Rural,N
LP100124,Male,Yes,3+,Graduate,Yes,10371,868,254,360,1,Rural,N
LP100125,Male,Yes,0,Graduate,No,8140,3796,377,360,1,Semiurban,N
LP100126,Male,Yes,1,Graduate,No,4204,0,97,300,1,Rural,Y
LP100127,Male,Yes,0,Graduate,No,3034,183,126,360,1,Urban,N
LP100128,Male,Yes,2,Graduate,No,2584,3172,133,360,1,Rural,Y
LP100129,Female,Yes,3+,Graduate,No,5887,0,193,360,0,Semiurban,Y
LP100130,Male,Yes,2,Graduate,No,3627,3175,152,360,0,Urban,Y
LP100131,Female,No,1,Graduate,Yes,9188,0,288,180,1,Rural,Y
LP100132,Female,No,0,Not Graduate,No,3729,56,105,300,1,Semiurban,N
LP100133,Male,No,1,Graduate,No,3353,110,71,360,0,Urban,Y
LP100134,Female,Yes,1,Graduate,No,5780,0,193,360,0,Semiurban,Y
LP100135,Male,Yes,0,Graduate,No,3717,3196,122,360,1,Rural,Y
LP100136,Female,Yes,1,Not Graduate,No,5188,574,118,360,1,Urban,Y
LP100137,Male,No,2,Graduate,No,8294,361,176,240,1,Urban,Y
LP100138,Female,No,2,Graduate,No,5466,1021,205,360,1,Semiurban,Y
LP100139,Male,No,2,Graduate,No,5476,0,167,300,1,Rural,Y
LP100140,Male,No,0,Graduate,No,5701,0,125,360,1,Rural,Y
LP100141,Male,Yes,1,Graduate,No,2292,1573,159,360,1,Urban,N
LP100142,Female,No,0,Graduate,No,6236,188,119,300,1,Semiurban,Y
LP100143,Male,No,0,Graduate,No,5579,30,142,360,1,Rural,N
LP100144,Male,Yes,0,Graduate,No,7931,0,159,360,1,Semiurban,Y
LP100145,Male,No,0,Graduate,No,6910,417,213,360,1,Urban,Y
LP100146,Male,Yes,0,Not Graduate,No,4689,1776,118,240,1,Rural,N
LP100147,Male,No,1,Graduate,No,8481,365,281,360,0,Rural,Y
LP100148,Male,No,0,Not Graduate,No,4490,0,136,360,1,Semiurban,Y
LP100149,Male,Yes,0,Not Graduate,No,5818,1380,246,300,1,Semiurban,Y
LP100150,Female,No,0,Not Graduate,No,4450,1134,133,360,1,Semiurban,Y
LP100151,Female,Yes,1,Not Graduate,No,6449,0,194,240,1,Urban,N
LP100152,Male,No,0,Graduate,No,4313,96,145,360,0,Rural,N
LP100153,Male,No,0,Graduate,Yes,11394,288,287,300,0,Semiurban,Y
LP100154,Male,Yes,1,Graduate,No,13607,0,296,360,1,Semiurban,Y
LP100155,Female,No,0,Graduate,Yes,7860,648,172,360,1,Semiurban,Y
LP100156,Male,Yes,3+,Graduate,Yes,10827,557,239,360,1,Semiurban,Y
LP100157,Female,Yes,0,Graduate,No,2468,242,81,180,1,Urban,N
LP100158,Female,Yes,0,Graduate,No,2612,0,56,240,1,Semiurban,Y
LP100159,Female,Yes,0,Not Graduate,No,4428,775,100,360,1,Urban,Y
LP100160,Male,Yes,1,Graduate,No,5270,346,187,360,1,Rural,Y
LP100161,Female,Yes,0,Graduate,No,4698,700,137,120,1,Semiurban,N
LP100162,Male,Yes,2,Graduate,No,2349,1770,97,180,0,Semiurban,Y
LP100163,Male,Yes,0,Graduate,No,8980,769,352,360,1,Semiurban,N
LP100164,Male,No,1,Not Graduate,No,14531,284,356,180,1,Rural,Y
LP100165,Male,Yes,0,Graduate,No,9556,0,154,360,0,Urban,Y
LP100166,Female,No,0,Graduate,No,8700,949,286,360,1,Urban,N
LP100167,Female,Yes,0,Graduate,Yes,5759,1482,191,180,0,Urban,Y
LP100168,Male,Yes,1,Graduate,No,3447,2245,166,180,1,Urban,Y
LP100169,Female,Yes,0,Graduate,No,5350,2294,290,360,1,Rural,N
LP100170,Male,Yes,3+,Not Graduate,Yes,14196,1425,448,240,1,Semiurban,Y
LP100171,Male,Yes,2,Graduate,No,4364,641,190,360,1,Semiurban,N
LP100172,Male,Yes,3+,Graduate,No,4153,3016,136,240,1,Urban,N
LP100173,Female,Yes,0,Graduate,No,8791,1030,199,360,1,Rural,Y
LP100174,Male,Yes,2,Graduate,No,9076,0,175,360,1,Rural,Y
LP100175,Male,Yes,1,Not Graduate,Yes,3439,1723,148,360,0,Urban,N
LP100176,Male,Yes,1,Graduate,No,4557,0,91,120,1,Rural,N
LP100177,Female,No,3+,Graduate,No,4061,683,72,360,1,Urban,Y
LP100178,Female,Yes,1,Graduate,No,5343,0,221,360,1,Rural,Y
LP100179,Female,No,2,Graduate,No,8776,82,160,240,0,Semiurban,N
LP100180,Female,No,2,Graduate,No,3512,129,77,360,1,Urban,Y
LP100181,Female,No,0,Graduate,No,8717,1282,219,360,0,Semiurban,N
LP100182,Male,No,1,Not Graduate,No,5425,904,112,120,1,Rural,Y
LP100183,Male,Yes,1,Graduate,No,15781,0,237,360,1,Rural,Y
LP100184,Female,Yes,3+,Graduate,No,6021,990,118,300,1,Rural,Y
LP100185,Female,Yes,2,Not Graduate,Yes,4932,4383,211,240,1,Rural,Y
LP100186,Male,No,0,Graduate,No,6808,159,204,180,1,Semiurban,Y
LP100187,Male,Yes,0,Graduate,No,4395,1382,132,300,0,Semiurban,N
LP100188,Female,Yes,0,Graduate,No,2183,251,58,240,1,Rural,N
LP100189,Male,No,1,Graduate,No,4603,0,141,240,1,Rural,Y
LP100190,Female,Yes,0,Not Graduate,No,4569,340,151,360,1,Urban,N
LP100191,Male,Yes,2,Graduate,Yes,2406,0,127,360,1,Rural,N
LP100192,Male,No,1,Graduate,No,4989,107,139,180,1,Semiurban,N
LP100193,Female,Yes,2,Graduate,Yes,1916,245,55,360,1,Semiurban,Y
LP100194,Male,Yes,0,Graduate,Yes,4373,1833,73,360,0,Rural,N
LP100195,Male,No,1,Graduate,No,5808,0,124,360,1,Urban,Y
LP100196,Female,Yes,0,Not Graduate,No,5413,2087,281,360,1,Rural,N
LP100197,Female,Yes,2,Graduate,No,4242,857,161,240,1,Urban,N
LP100198,Male,Yes,0,Graduate,No,4959,1838,92,180,1,Semiurban,Y
LP100199,Male,No,0,Not Graduate,No,3546,620,68,120,1,Urban,Y
LP100200,Female,Yes,0,Graduate,No,5194,1835,246,300,1,Semiurban,N
LP100201,Female,No,2,Graduate,Yes,5313,0,131,360,1,Urban,Y
LP100202,Male,No,0,Graduate,No,3354,383,125,180,0,Semiurban,N
LP100203,Male,Yes,1,Graduate,No,5875,0,197,360,0,Semiurban,N
LP100204,Male,Yes,2,Graduate,No,5858,2022,239,360,1,Urban,N
LP100205,Male,Yes,2,Graduate,No,4771,916,134,360,0,Semiurban,Y
LP100206,Male,No,0,Graduate,No,16516,0,394,360,0,Semiurban,Y
LP100207,Female,Yes,0,Graduate,No,4829,0,175,360,1,Rural,N
LP100208,Male,Yes,0,Graduate,No,4519,1393,134,360,0,Rural,N
LP100209,Male,Yes,0,Not Graduate,Yes,4219,2295,239,360,0,Semiurban,Y
LP100210,Female,No,1,Graduate,No,3242,238,98,300,1,Rural,Y
LP100211,Female,Yes,0,Not Graduate,Yes,7181,1820,280,240,1,Semiurban,Y
LP100212,Male,No,0,Graduate,No,3717,202,121,180,1,Rural,Y
LP100213,Female,Yes,0,Graduate,No,3934,1055,185,360,1,Semiurban,Y
LP100214,Female,No,1,Graduate,No,3990,39,45,360,1,Urban,Y
LP100215,Female,Yes,0,Graduate,No,3220,0,53,180,1,Semiurban,N
LP100216,Male,Yes,1,Graduate,Yes,2229,4568,211,240,1,Urban,Y
LP100217,Male,No,0,Graduate,No,4137,0,48,360,1,Rural,Y
LP100218,Female,No,3+,Graduate,No,7857,688,272,240,0,Rural,N
LP100219,Male,Yes,1,Graduate,No,5679,2579,199,300,0,Urban,N
LP100220,Male,Yes,0,Graduate,No,10928,0,264,240,1,Urban,Y
LP100221,Male,Yes,0,Graduate,No,7409,1049,190,240,1,Urban,Y
LP100222,Female,Yes,0,Graduate,No,6644,0,199,360,1,Semiurban,N
LP100223,Female,Yes,0,Graduate,Yes,12755,553,254,180,1,Urban,Y
LP100224,Male,No,0,Graduate,No,4931,287,129,240,1,Urban,Y
LP100225,Female,Yes,2,Graduate,No,5326,1976,166,360,0,Urban,N
LP100226,Male,No,1,Graduate,No,5138,23,70,360,1,Urban,Y
LP100227,Male,Yes,0,Graduate,No,10840,1245,295,360,1,Rural,Y
LP100228,Female,Yes,1,Graduate,Yes,5173,1988,272,360,1,Rural,N
LP100229,Male,No,0,Graduate,No,3785,0,106,240,1,Semiurban,N
LP100230,Male,Yes,3+,Not Graduate,No,6851,1765,246,300,1,Semiurban,Y
LP100231,Male,No,0,Graduate,No,3492,780,94,300,1,Urban,N
LP100232,Female,Yes,2,Not Graduate,Yes,6675,0,231,240,1,Semiurban,N
LP100233,Female,No,2,Graduate,No,6302,0,207,240,0,Rural,Y
LP100234,Female,No,0,Graduate,Yes,4718,0,135,360,1,Urban,Y
LP100235,Female,No,0,Graduate,No,6779,0,121,180,1,Rural,N
LP100236,Male,Yes,0,Graduate,Yes,2530,0,45,180,1,Urban,Y
LP100237,Female,Yes,2,Graduate,No,5587,1839,134,360,1,Rural,Y
LP100238,Male,Yes,1,Not Graduate,No,4138,1948,126,300,1,Semiurban,Y
LP100239,Male,Yes,1,Graduate,No,20412,788,288,360,0,Semiurban,Y
LP100240,Female,Yes,2,Graduate,No,5568,0,218,120,0,Rural,N
LP100241,Female,Yes,2,Graduate,Yes,3881,2204,111,360,1,Rural,N
LP100242,Male,Yes,0,Graduate,Yes,2666,404,98,360,1,Rural,N
LP100243,Male,Yes,1,Not Graduate,No,9668,1196,372,360,1,Semiurban,Y
LP100244,Female,Yes,2,Graduate,Yes,4368,1990,233,360,1,Semiurban,N
LP100245,Female,Yes,0,Graduate,No,3534,1151,85,300,0,Urban,Y
LP100246,Female,Yes,2,Not Graduate,No,6072,0,141,180,1,Rural,Y
LP100247,Male,No,0,Not Graduate,No,7058,107,234,300,1,Semiurban,N
LP100248,Male,Yes,0,Graduate,No,7004,3387,389,300,1,Rural,N
LP100249,Male,Yes,2,Graduate,No,5216,5762,343,360,1,Urban,N
LP100250,Female,Yes,0,Not Graduate,No,5577,3195,195,300,1,Urban,Y
LP100251,Female,No,0,Graduate,No,5775,359,196,300,1,Urban,Y
LP100252,Male,Yes,0,Graduate,No,6072,680,229,360,0,Urban,N
LP100253,Male,Yes,1,Graduate,No,6336,984,131,240,1,Semiurban,Y
LP100254,Male,No,2,Not Graduate,No,8737,1019,221,360,0,Urban,Y
LP100255,Female,Yes,0,Not Graduate,No,5309,1064,209,300,1,Semiurban,N
LP100256,Female,No,0,Graduate,No,3491,711,122,360,1,Urban,Y
LP100257,Male,No,0,Graduate,No,4821,714,89,240,1,Semiurban,Y
LP100258,Male,Yes,3+,Graduate,No,7419,0,216,360,1,Semiurban,Y
LP100259,Female,Yes,0,Graduate,No,2192,0,73,360,0,Urban,Y
LP100260,Male,No,3+,Not Graduate,No,2198,0,45,360,0,Urban,N
LP100261,Female,No,2,Graduate,No,8029,267,189,360,1,Urban,Y
LP100262,Male,Yes,0,Graduate,No,10718,3515,290,360,1,Rural,Y
LP100263,Male,Yes,2,Graduate,Yes,2815,511,134,180,1,Rural,Y
LP100264,Female,Yes,1,Graduate,No,5422,365,103,360,1,Semiurban,Y
LP100265,Male,Yes,1,Not Graduate,Yes,4265,947,178,360,1,Semiurban,N
LP100266,Male,No,0,Graduate,Yes,4559,326,128,360,1,Semiurban,N
LP100267,Male,Yes,2,Not Graduate,No,5983,0,224,360,1,Rural,N
LP100268,Male,No,2,Graduate,No,2778,154,108,360,0,Urban,N
LP100269,Male,No,2,Graduate,No,3037,195,133,300,1,Rural,N
LP100270,Male,No,3+,Graduate,No,4471,13,131,240,1,Urban,Y
LP100271,Male,Yes,0,Graduate,No,4819,1822,172,300,0,Urban,N
LP100272,Male,No,2,Graduate,Yes,3010,134,61,360,1,Semiurban,Y
LP100273,Female,No,2,Graduate,No,7548,17,143,360,1,Semiurban,Y
LP100274,Female,No,0,Graduate,No,4228,703,125,120,1,Rural,N
LP100275,Male,Yes,0,Not Graduate,No,4220,0,74,360,1,Rural,N
LP100276,Male,Yes,0,Graduate,No,5918,2179,184,120,1,Urban,N
LP100277,Male,Yes,2,Graduate,No,4857,457,118,300,1,Semiurban,Y
LP100278,Female,No,0,Not Graduate,Yes,7723,715,253,360,1,Rural,Y
LP100279,Female,No,2,Graduate,No,3301,622,45,360,1,Urban,Y
LP100280,Male,Yes,0,Not Graduate,No,2642,1318,101,180,1,Semiurban,N
LP100281,Male,Yes,0,Graduate,No,4453,431,118,360,1,Urban,N
LP100282,Male,Yes,1,Graduate,No,5318,3050,234,360,0,Semiurban,N
LP100283,Male,No,0,Graduate,No,2848,0,99,360,1,Urban,Y
LP100284,Male,Yes,2,Not Graduate,No,2654,274,89,360,1,Rural,N
LP100285,Male,Yes,0,Graduate,No,5639,1726,261,240,1,Rural,N
LP100286,Male,No,3+,Graduate,No,3591,591,107,240,1,Urban,Y
LP100287,Male,No,0,Not Graduate,Yes,2573,64,45,180,1,Urban,Y
LP100288,Male,Yes,3+,Graduate,No,8212,589,249,360,1,Semiurban,Y
LP100289,Male,Yes,1,Not Graduate,No,3815,2523,78,240,1,Rural,Y
LP100290,Female,No,0,Graduate,No,8972,1358,389,360,1,Semiurban,N
LP100291,Male,No,0,Not Graduate,Yes,5238,313,185,360,1,Urban,N
LP100292,Female,Yes,0,Not Graduate,No,5952,1184,170,360,1,Urban,N
LP100293,Male,Yes,1,Not Graduate,No,4668,3828,255,300,1,Semiurban,Y
LP100294,Female,Yes,2,Graduate,No,1500,0,45,360,1,Rural,N
LP100295,Female,Yes,0,Not Graduate,No,2994,6466,194,300,1,Semiurban,Y
LP100296,Female,No,0,Not Graduate,No,4864,428,124,360,1,Urban,N
LP100297,Female,Yes,1,Graduate,No,6155,924,221,360,1,Semiurban,Y
LP100298,Female,Yes,1,Graduate,No,2188,2493,194,240,1,Semiurban,N
LP100299,Female,No,1,Not Graduate,No,5036,0,98,360,1,Urban,N
LP100300,Female,No,0,Graduate,No,3015,265,79,360,1,Rural,N
LP100301,Male,No,2,Graduate,No,5783,471,114,360,1,Semiurban,Y
LP100302,Male,Yes,3+,Graduate,No,5119,2242,100,240,1,Semiurban,Y
LP100303,Male,Yes,0,Graduate,No,7383,2107,261,180,1,Semiurban,Y
LP100304,Female,Yes,0,Not Graduate,No,8622,0,269,180,1,Urban,N
LP100305,Male,Yes,0,Graduate,No,6440,2888,258,360,1,Semiurban,N
LP100306,Male,Yes,1,Graduate,No,7809,3510,371,240,1,Semiurban,N
LP100307,Female,Yes,0,Not Graduate,No,4367,931,91,360,1,Rural,Y
LP100308,Male,Yes,3+,Graduate,No,20032,0,450,360,1,Urban,Y
LP100309,Male,No,1,Graduate,Yes,2878,0,65,120,1,Rural,Y
LP100310,Male,No,1,Graduate,Yes,4011,295,140,360,0,Rural,Y
LP100311,Male,Yes,2,Not Graduate,No,7964,1078,141,240,0,Semiurban,N
LP100312,Male,Yes,0,Not Graduate,No,7415,1301,144,300,1,Semiurban,N
LP100313,Male,Yes,2,Graduate,No,6529,0,200,240,1,Urban,N
LP100314,Male,Yes,0,Graduate,No,7145,2948,181,360,1,Urban,Y
LP100315,Male,Yes,1,Graduate,No,1901,2709,142,360,1,Urban,N
LP100316,Male,Yes,3+,Graduate,Yes,11080,5099,450,120,1,Semiurban,Y
LP100317,Female,No,2,Graduate,Yes,4685,142,120,240,1,Semiurban,Y
LP100318,Male,Yes,2,Graduate,No,9396,0,281,300,1,Urban,Y
LP100319,Female,No,0,Graduate,No,1947,0,85,360,1,Semiurban,Y
LP100320,Female,Yes,2,Graduate,No,5844,0,182,180,1,Urban,N
LP100321,Male,Yes,1,Graduate,No,3942,524,99,360,1,Semiurban,Y
LP100322,Male,Yes,1,Not Graduate,No,6800,4932,415,360,0,Rural,N
LP100323,Male,Yes,0,Graduate,Yes,6016,0,164,300,1,Semiurban,N
LP100324,Female,Yes,0,Graduate,Yes,6159,212,162,360,1,Rural,Y
LP100325,Female,No,1,Graduate,No,3108,696,122,360,1,Rural,Y
LP100326,Female,Yes,0,Not Graduate,No,5027,1694,113,360,1,Rural,Y
LP100327,Male,Yes,2,Graduate,No,4739,1287,162,360,1,Rural,N
LP100328,Female,Yes,2,Graduate,No,6553,676,136,360,1,Semiurban,Y
LP100329,Male,Yes,3+,Graduate,No,8307,0,314,360,0,Urban,N
LP100330,Female,Yes,0,Graduate,No,5554,848,194,240,0,Semiurban,N
LP100331,Male,Yes,3+,Not Graduate,No,2800,1989,161,360,1,Urban,N
LP100332,Female,No,0,Graduate,No,5441,638,96,240,1,Semiurban,Y
LP100333,Female,Yes,0,Graduate,No,18094,0,397,240,1,Rural,Y
LP100334,Male,Yes,2,Not Graduate,No,11385,1572,218,360,0,Rural,N
LP100335,Female,No,0,Graduate,No,1500,273,45,300,1,Urban,N
LP100336,Male,No,0,Graduate,No,5326,664,128,240,1,Semiurban,N
LP100337,Female,Yes,0,Graduate,No,8082,0,195,240,1,Urban,N
LP100338,Male,Yes,1,Graduate,No,4734,2226,185,360,1,Semiurban,Y
LP100339,Female,Yes,2,Graduate,No,4143,0,181,360,1,Urban,N
LP100340,Male,Yes,0,Not Graduate,No,4545,3035,152,300,0,Urban,Y
LP100341,Female,Yes,0,Not Graduate,No,6735,0,160,360,1,Urban,Y
LP100342,Female,No,1,Not Graduate,No,2977,1091,142,360,1,Rural,N
LP100343,Female,Yes,0,Graduate,No,9141,0,183,180,1,Urban,Y
LP100344,Female,No,2,Graduate,No,5030,102,197,360,1,Semiurban,N
LP100345,Female,Yes,3+,Graduate,No,3298,2214,145,240,1,Urban,N
LP100346,Female,No,2,Not Graduate,No,8863,250,291,360,0,Semiurban,Y
LP100347,Male,No,2,Not Graduate,No,2461,0,80,360,1,Semiurban,N
LP100348,Female,Yes,1,Graduate,No,3958,0,114,120,0,Semiurban,N
LP100349,Male,Yes,2,Graduate,No,3927,0,197,360,1,Urban,Y
LP100350,Female,Yes,0,Not Graduate,Yes,14459,0,255,240,0,Rural,Y
LP100351,Male,No,0,Not Graduate,Yes,3719,20,98,360,0,Semiurban,Y
LP100352,Male,Yes,1,Not Graduate,No,1836,1326,121,180,1,Semiurban,N
LP100353,Male,Yes,0,Graduate,No,3908,1491,70,360,0,Urban,Y
LP100354,Male,Yes,2,Graduate,No,6430,276,173,360,1,Semiurban,Y
LP100355,Male,No,1,Graduate,No,7528,882,221,240,1,Urban,Y
LP100356,Female,Yes,3+,Graduate,No,15409,3292,296,360,1,Semiurban,Y
LP100357,Female,Yes,0,Not Graduate,No,10151,739,283,120,1,Semiurban,Y
LP100358,Male,No,1,Graduate,Yes,5654,985,214,360,1,Semiurban,N
LP100359,Female,Yes,2,Graduate,No,3368,1258,79,360,0,Urban,Y
LP100360,Female,No,0,Graduate,No,11266,0,169,120,0,Urban,Y
LP100361,Male,Yes,1,Graduate,Yes,4329,791,177,240,1,Semiurban,Y
LP100362,Male,Yes,1,Graduate,No,3767,4236,230,180,0,Rural,Y
LP100363,Male,No,3+,Graduate,No,4229,951,132,360,0,Semiurban,N
LP100364,Female,No,2,Not Graduate,No,2832,357,60,360,1,Rural,Y
LP100365,Male,No,0,Graduate,Yes,4133,0,100,180,1,Rural,N
LP100366,Female,Yes,0,Graduate,No,4620,2225,192,180,1,Urban,Y
LP100367,Female,Yes,1,Graduate,No,7337,1427,145,360,1,Semiurban,Y
LP100368,Male,Yes,0,Graduate,No,4289,4038,249,240,1,Semiurban,Y
LP100369,Female,Yes,0,Graduate,No,2812,4539,217,240,1,Urban,Y
LP100370,Female,Yes,0,Not Graduate,No,2393,3447,87,360,0,Rural,N
LP100371,Male,Yes,0,Graduate,No,5714,1768,234,180,0,Rural,Y
LP100372,Male,Yes,1,Not Graduate,No,5350,2545,272,360,1,Rural,N
LP100373,Male,Yes,0,Graduate,No,3960,1065,169,120,0,Rural,N
LP100374,Male,Yes,1,Graduate,No,4128,2926,205,360,1,Urban,N
LP100375,Male,Yes,0,Graduate,No,6226,850,119,300,1,Urban,N
LP100376,Female,No,2,Graduate,No,10071,74,344,240,1,Semiurban,N
LP100377,Male,Yes,0,Not Graduate,No,3553,622,117,300,0,Rural,N
LP100378,Male,Yes,2,Graduate,No,5392,2025,213,360,0,Semiurban,N
LP100379,Female,No,0,Graduate,No,8184,237,184,360,1,Rural,Y
LP100380,Male,No,1,Graduate,No,3560,555,137,180,1,Urban,N
LP100381,Female,Yes,0,Not Graduate,No,5128,152,143,360,1,Semiurban,Y
LP100382,Female,Yes,0,Graduate,No,5073,0,101,180,0,Rural,N
LP100383,Male,Yes,0,Not Graduate,No,2753,0,70,180,0,Urban,N
LP100384,Male,Yes,2,Graduate,No,5602,0,120,120,0,Urban,Y
LP100385,Female,No,3+,Not Graduate,No,5246,365,139,360,1,Semiurban,N
LP100386,Female,No,0,Graduate,Yes,6744,490,117,240,1,Semiurban,N
LP100387,Female,Yes,0,Graduate,No,2923,2688,186,240,1,Semiurban,Y
LP100388,Male,No,2,Not Graduate,No,5192,263,116,360,1,Rural,Y
LP100389,Female,Yes,1,Graduate,No,10029,0,166,360,1,Rural,Y
LP100390,Female,Yes,0,Graduate,No,14005,729,224,240,0,Urban,Y
LP100391,Male,No,2,Graduate,No,9552,0,177,360,1,Urban,Y
LP100392,Female,Yes,1,Graduate,No,2937,0,93,240,0,Semiurban,N
LP100393,Female,Yes,1,Graduate,No,6416,620,164,360,1,Semiurban,Y
LP100394,Male,Yes,0,Graduate,No,4097,0,133,300,1,Semiurban,N
LP100395,Male,No,0,Not Graduate,No,5921,513,147,360,1,Semiurban,Y
LP100396,Female,Yes,0,Not Graduate,No,3566,1472,149,360,1,Rural,Y
LP100397,Male,Yes,2,Graduate,No,2270,955,72,300,1,Semiurban,N
LP100398,Male,Yes,0,Graduate,Yes,4379,1905,175,180,1,Urban,N
LP100399,Male,Yes,2,Not Graduate,No,7309,2084,164,300,1,Urban,Y
LP100400,Male,Yes,2,Graduate,No,5933,3760,203,360,1,Urban,Y
LP100401,Female,No,2,Graduate,No,6269,256,182,360,0,Rural,N
LP100402,Female,No,0,Graduate,No,5732,267,202,360,0,Semiurban,N
LP100403,Male,No,0,Graduate,No,6274,0,155,360,1,Semiurban,Y
LP100404,Female,No,0,Graduate,Yes,6662,902,139,360,1,Rural,Y
LP100405,Female,Yes,1,Not Graduate,No,4529,0,71,360,1,Rural,N
LP100406,Male,Yes,3+,Not Graduate,No,5376,0,228,360,1,Urban,N
LP100407,Female,Yes,0,Graduate,No,11929,1937,221,240,0,Semiurban,Y
LP100408,Male,Yes,2,Graduate,Yes,5531,2375,119,360,1,Semiurban,Y
LP100409,Female,No,0,Graduate,No,5273,0,90,240,1,Rural,Y
LP100410,Female,No,0,Graduate,No,5428,159,207,180,1,Semiurban,N
LP100411,Female,No,0,Not Graduate,No,4654,0,161,240,1,Rural,N
LP100412,Male,Yes,2,Graduate,No,4192,5203,213,300,1,Rural,N
LP100413,Female,Yes,0,Not Graduate,No,5711,870,95,360,1,Semiurban,Y
LP100414,Male,Yes,0,Graduate,No,4053,1083,155,300,1,Semiurban,Y
LP100415,Male,Yes,2,Graduate,No,4818,0,107,120,0,Urban,N
LP100416,Male,Yes,1,Graduate,Yes,3535,228,45,360,1,Semiurban,N
LP100417,Female,Yes,0,Graduate,Yes,5442,1306,176,360,1,Rural,Y
LP100418,Male,Yes,0,Not Graduate,No,6839,2139,197,240,1,Rural,N
LP100419,Female,No,1,Graduate,No,4667,132,100,240,1,Urban,N
LP100420,Female,Yes,0,Graduate,No,1970,3382,170,180,1,Rural,N
LP100421,Male,Yes,0,Graduate,Yes,6859,1864,257,360,1,Rural,Y
LP100422,Male,No,1,Graduate,No,5474,623,160,240,1,Semiurban,N
LP100423,Male,Yes,0,Not Graduate,Yes,3208,1741,99,360,1,Rural,Y
LP100424,Female,No,1,Graduate,No,7489,334,93,240,1,Semiurban,Y
LP100425,Female,No,0,Graduate,No,2641,121,114,360,1,Semiurban,Y
LP100426,Male,Yes,0,Graduate,No,8534,1689,201,120,1,Rural,Y
LP100427,Female,No,0,Graduate,No,5026,0,145,360,1,Urban,N
LP100428,Male,No,0,Graduate,Yes,1739,969,97,300,1,Semiurban,N
LP100429,Female,No,0,Graduate,No,5628,1092,118,300,1,Semiurban,Y
LP100430,Female,No,0,Graduate,No,4252,28,97,360,1,Rural,Y
LP100431,Female,No,3+,Graduate,No,3955,1063,119,360,1,Semiurban,N
LP100432,Female,Yes,2,Graduate,Yes,3626,1619,176,240,1,Rural,Y
LP100433,Female,Yes,0,Not Graduate,No,4861,3854,177,360,1,Semiurban,Y
LP100434,Male,No,1,Graduate,No,4093,963,177,180,1,Rural,Y
LP100435,Male,No,1,Graduate,No,2119,730,143,360,1,Urban,Y
LP100436,Male,Yes,2,Graduate,No,9515,2732,236,300,1,Rural,Y
LP100437,Male,No,0,Graduate,No,4595,102,177,240,1,Urban,N
LP100438,Female,Yes,0,Not Graduate,Yes,3636,0,168,240,1,Urban,N
LP100439,Female,No,0,Graduate,No,3006,422,116,240,1,Semiurban,N
LP100440,Female,No,0,Graduate,No,7480,0,225,360,1,Semiurban,Y
LP100441,Male,Yes,0,Not Graduate,No,2770,528,127,240,1,Semiurban,N
LP100442,Female,Yes,2,Not Graduate,No,5510,2101,208,180,1,Urban,Y
LP100443,Male,Yes,3+,Not Graduate,No,3904,0,65,360,1,Semiurban,Y
LP100444,Male,Yes,0,Graduate,Yes,4015,549,64,240,0,Semiurban,N
LP100445,Female,Yes,0,Graduate,No,3042,1181,57,180,1,Rural,Y
LP100446,Female,Yes,0,Graduate,No,3836,1092,51,360,1,Urban,Y
LP100447,Female,Yes,1,Graduate,No,5189,2259,176,120,1,Rural,Y
LP100448,Male,Yes,1,Graduate,No,5785,0,209,360,1,Rural,N
LP100449,Female,Yes,0,Not Graduate,No,3544,0,66,360,0,Rural,N
LP100450,Male,No,2,Graduate,Yes,4946,925,170,240,1,Semiurban,Y
LP100451,Female,No,3+,Graduate,No,7915,0,136,360,0,Urban,Y
LP100452,Female,No,1,Graduate,No,2326,324,78,240,1,Urban,N
LP100453,Male,No,1,Graduate,Yes,5151,230,170,360,1,Rural,N
LP100454,Male,No,1,Graduate,No,3274,417,132,360,1,Semiurban,N
LP100455,Male,Yes,0,Not Graduate,No,3117,2412,153,360,1,Urban,Y
LP100456,Female,Yes,0,Graduate,Yes,5856,3453,227,360,1,Semiurban,Y
LP100457,Male,Yes,1,Not Graduate,Yes,3977,1750,124,360,1,Rural,N
LP100458,Female,Yes,0,Graduate,No,2881,4154,269,180,1,Semiurban,N
LP100459,Female,Yes,2,Graduate,No,9756,1759,210,360,1,Semiurban,Y
LP100460,Male,No,0,Graduate,Yes,8036,351,204,240,1,Urban,N
LP100461,Male,No,0,Not Graduate,No,2044,683,53,360,0,Semiurban,N
LP100462,Female,Yes,0,Graduate,No,2546,694,58,360,1,Rural,N
LP100463,Male,Yes,3+,Graduate,Yes,6870,724,156,180,1,Urban,Y
LP100464,Male,Yes,0,Graduate,No,4506,1259,215,300,1,Rural,N
LP100465,Female,No,0,Not Graduate,No,10618,271,155,360,0,Urban,Y
LP100466,Female,No,0,Graduate,No,6945,1415,158,360,0,Semiurban,Y
LP100467,Female,Yes,1,Not Graduate,No,5965,0,149,360,1,Rural,N
LP100468,Male,Yes,3+,Not Graduate,No,3164,611,55,300,1,Semiurban,Y
LP100469,Male,Yes,0,Not Graduate,No,6541,1432,286,360,1,Rural,N
LP100470,Male,Yes,3+,Graduate,No,2801,1746,121,240,1,Rural,Y
LP100471,Male,No,0,Graduate,No,9667,53,351,360,1,Semiurban,N
LP100472,Male,No,1,Not Graduate,No,6327,453,216,240,1,Urban,Y
LP100473,Male,Yes,0,Graduate,No,3478,3634,203,360,1,Urban,Y
LP100474,Male,Yes,1,Graduate,No,7603,0,178,360,1,Semiurban,Y
LP100475,Male,Yes,1,Graduate,No,15153,1529,436,300,1,Rural,N
LP100476,Male,Yes,1,Not Graduate,No,4654,568,162,360,1,Semiurban,N
LP100477,Female,Yes,0,Graduate,No,6729,2839,287,300,0,Semiurban,N
LP100478,Female,Yes,2,Graduate,No,4200,1936,190,240,0,Rural,N
LP100479,Male,No,3+,Graduate,No,5383,1354,140,240,1,Urban,Y
LP100480,Male,Yes,0,Not Graduate,No,2506,1175,104,240,1,Urban,N
LP100481,Male,Yes,1,Graduate,No,5165,3426,152,240,0,Rural,N
LP100482,Female,Yes,2,Not Graduate,No,5276,1173,139,360,0,Urban,N
LP100483,Male,Yes,0,Not Graduate,No,12253,4395,381,360,1,Semiurban,Y
LP100484,Male,No,2,Not Graduate,No,2183,105,54,360,1,Rural,Y
LP100485,Male,Yes,0,Not Graduate,No,4515,1440,134,360,0,Semiurban,Y
LP100486,Male,No,2,Graduate,Yes,9588,669,308,360,1,Rural,Y
LP100487,Male,No,0,Graduate,No,4601,0,161,180,1,Rural,N
LP100488,Male,Yes,0,Graduate,No,4759,0,123,360,1,Urban,Y
LP100489,Male,Yes,1,Not Graduate,No,3464,306,127,360,0,Semiurban,N
LP100490,Female,No,1,Graduate,No,3302,683,64,240,1,Rural,Y
LP100491,Female,Yes,2,Graduate,Yes,2151,1067,65,300,1,Semiurban,Y
LP100492,Female,Yes,3+,Not Graduate,No,3820,876,99,360,1,Urban,N
LP100493,Male,No,0,Graduate,Yes,3213,467,130,360,1,Semiurban,N
LP100494,Female,No,0,Not Graduate,No,5468,0,189,360,1,Urban,N
LP100495,Male,Yes,0,Graduate,No,3540,0,96,360,1,Urban,N
LP100496,Male,Yes,0,Graduate,No,4104,78,167,240,1,Semiurban,N
LP100497,Female,Yes,1,Graduate,Yes,4159,0,111,360,0,Urban,N
LP100498,Male,No,2,Graduate,No,5049,0,198,360,1,Semiurban,N
LP100499,Male,Yes,2,Graduate,No,4009,1590,143,240,1,Urban,Y
LP100500,Female,Yes,0,Not Graduate,No,3104,989,119,120,1,Semiurban,Y
LP100501,Female,No,0,Graduate,No,5384,784,131,240,1,Rural,N
LP100502,Female,No,1,Graduate,No,8625,0,130,360,1,Rural,Y
LP100503,Male,No,0,Not Graduate,No,5495,62,92,360,1,Semiurban,Y
LP100504,Male,Yes,0,Not Graduate,No,3856,3900,220,360,1,Urban,Y
LP100505,Female,Yes,0,Graduate,No,4870,705,177,300,1,Urban,N
LP100506,Male,No,0,Not Graduate,No,1931,39,74,360,1,Semiurban,N
LP100507,Female,No,0,Graduate,No,4832,74,168,120,1,Rural,N
LP100508,Male,Yes,2,Graduate,Yes,4263,0,45,360,1,Rural,Y
LP100509,Male,No,0,Graduate,Yes,3301,0,99,360,1,Urban,Y
LP100510,Male,Yes,1,Not Graduate,No,3601,2033,227,360,1,Semiurban,N
LP100511,Female,Yes,1,Graduate,No,4243,0,119,240,0,Urban,N
LP100512,Male,Yes,2,Graduate,No,8320,0,218,180,1,Rural,N
LP100513,Male,Yes,0,Not Graduate,Yes,8727,0,117,180,1,Semiurban,N
LP100514,Male,Yes,0,Graduate,No,3309,909,88,360,0,Urban,N
LP100515,Male,No,0,Graduate,No,4029,792,79,240,0,Rural,N
LP100516,Male,Yes,0,Not Graduate,Yes,4079,1502,160,360,0,Rural,N
LP100517,Female,Yes,0,Graduate,No,7620,1707,289,240,1,Semiurban,N
LP100518,Male,Yes,2,Graduate,No,5541,343,91,360,1,Semiurban,Y
LP100519,Female,Yes,0,Graduate,No,5402,2254,239,240,1,Urban,Y
LP100520,Female,Yes,0,Not Graduate,No,6684,664,219,180,1,Urban,N
LP100521,Male,Yes,0,Graduate,No,3881,897,132,360,1,Urban,N
LP100522,Male,Yes,2,Graduate,Yes,9943,1947,408,300,1,Rural,N
LP100523,Female,No,2,Graduate,No,5162,0,176,300,1,Semiurban,Y
LP100524,Male,No,2,Graduate,No,3426,964,58,360,1,Urban,Y
LP100525,Male,Yes,1,Not Graduate,No,4628,1438,237,300,1,Semiurban,N
LP100526,Female,No,2,Graduate,No,9333,0,264,360,1,Urban,N
LP100527,Female,No,1,Graduate,No,4213,402,107,360,0,Semiurban,N
LP100528,Female,No,0,Graduate,No,8150,0,173,180,1,Rural,Y
LP100529,Male,No,1,Graduate,No,3827,0,134,300,1,Semiurban,Y
LP100530,Female,No,2,Graduate,No,3578,0,145,180,1,Urban,Y
LP100531,Female,No,0,Not Graduate,No,7091,24,175,120,1,Rural,Y
LP100532,Male,No,1,Graduate,No,3396,0,82,180,1,Semiurban,Y
LP100533,Female,Yes,1,Graduate,Yes,7668,3774,245,360,1,Urban,Y
LP100534,Male,No,1,Graduate,No,6117,361,231,180,1,Rural,N
LP100535,Male,Yes,0,Graduate,No,3397,1318,75,360,0,Semiurban,N
LP100536,Male,No,1,Graduate,No,4993,217,158,360,1,Urban,N
LP100537,Male,Yes,2,Graduate,Yes,3970,0,102,120,1,Urban,N
LP100538,Male,Yes,0,Graduate,No,6109,537,82,360,1,Semiurban,Y
LP100539,Female,Yes,0,Not Graduate,No,12786,355,450,120,1,Urban,N
LP100540,Female,Yes,0,Not Graduate,No,4325,1943,239,180,1,Urban,Y
LP100541,Male,Yes,0,Graduate,No,6676,0,162,360,1,Semiurban,Y
LP100542,Female,Yes,3+,Not Graduate,No,5228,2311,224,360,1,Rural,Y
LP100543,Female,Yes,1,Graduate,Yes,5227,1668,236,120,1,Urban,Y
LP100544,Male,Yes,0,Graduate,No,4773,814,60,360,1,Rural,Y
LP100545,Male,Yes,0,Not Graduate,No,3424,2628,84,360,1,Urban,Y
LP100546,Male,No,3+,Graduate,No,6069,541,174,360,1,Semiurban,Y
LP100547,Male,Yes,0,Graduate,No,4498,3137,205,360,1,Semiurban,Y
LP100548,Female,Yes,2,Not Graduate,No,3347,0,129,360,1,Semiurban,N
LP100549,Male,Yes,0,Graduate,No,8407,414,246,360,1,Semiurban,N
LP100550,Male,Yes,0,Not Graduate,No,5418,0,160,360,1,Urban,N
LP100551,Male,Yes,1,Graduate,No,4631,0,73,360,1,Rural,N
LP100552,Male,No,0,Not Graduate,No,9830,0,167,360,1,Urban,Y
LP100553,Female,No,1,Graduate,No,2140,0,92,240,1,Rural,N
LP100554,Male,Yes,0,Graduate,No,9518,1233,248,120,1,Urban,Y
LP100555,Male,No,2,Graduate,No,3386,119,122,300,1,Urban,N
LP100556,Male,Yes,2,Not Graduate,No,5719,3382,256,180,1,Semiurban,Y
LP100557,Male,Yes,2,Graduate,No,3896,1008,95,180,1,Rural,N
LP100558,Female,Yes,0,Not Graduate,No,3317,634,116,360,1,Urban,N
LP100559,Male,Yes,2,Graduate,Yes,9708,1400,214,360,1,Urban,Y
LP100560,Male,Yes,3+,Graduate,No,12594,5386,430,180,1,Semiurban,Y
LP100561,Male,No,0,Graduate,No,4646,613,194,240,1,Semiurban,N
LP100562,Female,No,0,Graduate,Yes,6069,644,149,360,1,Urban,N
LP100563,Female,Yes,2,Not Graduate,No,5310,1375,179,300,0,Rural,N
LP100564,Female,Yes,0,Graduate,No,11857,2392,178,360,1,Semiurban,Y
LP100565,Female,Yes,1,Graduate,No,1874,2245,95,360,0,Semiurban,N
LP100566,Female,Yes,2,Graduate,Yes,6192,1632,214,360,1,Rural,N
LP100567,Male,Yes,0,Graduate,No,3645,2702,198,240,1,Urban,Y
LP100568,Male,No,1,Graduate,No,1668,0,60,300,1,Semiurban,N
LP100569,Male,No,1,Not Graduate,No,4346,1263,180,360,0,Urban,N
LP100570,Male,Yes,0,Graduate,No,12545,1410,450,120,1,Semiurban,Y
LP100571,Female,Yes,2,Graduate,Yes,3771,876,148,240,0,Semiurban,N
LP100572,Male,No,0,Graduate,No,7552,0,167,300,1,Semiurban,Y
LP100573,Female,No,0,Graduate,No,9185,262,222,360,0,Semiurban,N
LP100574,Female,Yes,2,Graduate,Yes,5135,0,106,360,1,Urban,Y
LP100575,Male,Yes,0,Graduate,No,5474,352,161,360,1,Semiurban,Y
LP100576,Female,No,2,Graduate,No,2267,390,89,360,1,Urban,N
LP100577,Female,No,0,Not Graduate,No,3664,164,79,120,1,Semiurban,Y
LP100578,Female,Yes,1,Not Graduate,No,7985,2281,160,360,1,Rural,N
LP100579,Male,No,0,Not Graduate,No,5319,0,76,360,1,Rural,N
LP100580,Male,Yes,1,Not Graduate,No,6163,2415,209,240,1,Urban,Y
LP100581,Male,No,2,Graduate,No,5508,0,176,360,1,Semiurban,Y
LP100582,Male,Yes,2,Not Graduate,No,14797,837,450,240,1,Semiurban,Y
LP100583,Male,Yes,3+,Graduate,No,4202,616,189,360,1,Semiurban,Y
LP100584,Female,Yes,1,Graduate,Yes,11166,0,303,300,1,Semiurban,Y
LP100585,Female,Yes,2,Graduate,No,5509,954,99,300,1,Urban,Y
LP100586,Male,Yes,1,Graduate,No,11652,347,354,360,1,Semiurban,Y
LP100587,Male,Yes,3+,Not Graduate,No,2870,0,86,360,1,Urban,N
LP100588,Male,Yes,1,Not Graduate,No,5646,570,224,180,0,Rural,N
LP100589,Male,Yes,2,Graduate,No,4277,0,122,360,0,Semiurban,N
LP100590,Female,No,0,Graduate,No,5524,0,171,360,1,Rural,Y
LP100591,Male,No,1,Graduate,No,9290,104,138,300,1,Urban,Y
LP100592,Male,No,2,Graduate,Yes,6197,1030,168,360,1,Semiurban,Y
LP100593,Female,Yes,0,Not Graduate,No,9282,1615,137,360,0,Semiurban,Y
LP100594,Male,Yes,0,Not Graduate,No,3745,2640,128,360,0,Urban,N
LP100595,Male,No,3+,Graduate,No,3481,20,150,360,0,Semiurban,N
LP100596,Female,Yes,0,Graduate,No,5207,955,146,360,0,Rural,N
LP100597,Female,Yes,0,Graduate,No,5072,0,59,360,1,Semiurban,Y
LP100598,Female,No,0,Graduate,No,4726,0,120,360,1,Rural,Y
LP100599,Female,No,0,Graduate,No,3261,271,131,180,1,Urban,N
LP100600,Male,Yes,1,Graduate,No,9185,4562,358,120,1,Urban,Y
LP100601,Female,No,3+,Graduate,No,4341,427,116,360,1,Urban,N
LP100602,Female,Yes,3+,Graduate,No,10245,0,238,360,1,Urban,N
LP100603,Female,No,1,Graduate,Yes,5198,1189,151,300,1,Urban,N
LP100604,Female,Yes,1,Not Graduate,No,7053,0,227,120,1,Semiurban,N
LP100605,Female,Yes,0,Graduate,No,6753,1157,140,240,1,Rural,Y
LP100606,Female,Yes,2,Not Graduate,No,3478,647,139,120,0,Semiurban,N
LP100607,Male,Yes,0,Graduate,No,6163,0,144,300,0,Urban,N
LP100608,Female,No,0,Graduate,No,13038,741,426,360,1,Urban,Y
LP100609,Male,Yes,3+,Graduate,No,5830,1945,141,240,1,Urban,Y
LP100610,Male,No,2,Graduate,No,7963,129,267,360,1,Rural,N
LP100611,Female,No,0,Graduate,No,7207,139,189,360,0,Rural,N
LP100612,Female,Yes,1,Graduate,No,5987,0,127,360,1,Urban,Y
LP100613,Female,No,0,Graduate,No,5651,0,125,360,1,Rural,Y
LP100614,Male,Yes,0,Not Graduate,No,6719,0,151,300,1,Semiurban,Y
LP100615,Female,Yes,0,Graduate,No,7453,0,143,360,0,Semiurban,Y
LP100616,Female,Yes,0,Graduate,No,2700,495,77,360,1,Semiurban,N
LP100617,Male,No,1,Not Graduate,No,5818,91,143,240,1,Semiurban,Y
LP100618,Male,No,0,Graduate,No,4730,242,128,360,1,Urban,N
LP100619,Male,No,1,Graduate,No,4282,115,192,360,1,Urban,N
LP100620,Female,No,0,Not Graduate,Yes,9624,684,344,360,0,Semiurban,N
LP100621,Male,No,3+,Graduate,No,3634,0,95,240,1,Semiurban,Y
LP100622,Female,Yes,1,Graduate,No,2645,0,56,240,0,Urban,N
LP100623,Male,No,2,Graduate,No,7570,524,153,360,1,Semiurban,Y
LP100624,Female,Yes,0,Graduate,No,2613,1966,141,240,1,Semiurban,N
LP100625,Male,Yes,1,Not Graduate,No,2048,0,108,180,1,Urban,N
LP100626,Female,Yes,2,Graduate,No,7990,716,240,360,1,Rural,Y
LP100627,Male,Yes,0,Graduate,Yes,5576,0,199,360,1,Rural,N
LP100628,Male,Yes,0,Graduate,No,6483,1793,272,180,1,Urban,N
LP100629,Female,Yes,0,Graduate,Yes,4178,2904,251,240,0,Semiurban,N
LP100630,Female,Yes,0,Graduate,No,2658,0,127,360,0,Rural,N
LP100631,Female,Yes,0,Graduate,No,2924,4303,151,360,1,Rural,N
LP100632,Male,No,0,Not Graduate,No,4534,695,243,360,1,Urban,Y
LP100633,Male,No,0,Graduate,No,2805,461,116,360,0,Semiurban,N
LP100634,Male,Yes,1,Not Graduate,No,5987,2356,251,300,1,Semiurban,N
LP100635,Male,Yes,0,Graduate,No,4138,1860,204,360,1,Rural,Y
LP100636,Female,Yes,0,Graduate,No,5647,462,201,360,1,Urban,N
LP100637,Female,Yes,1,Graduate,No,5566,0,186,360,1,Urban,N
LP100638,Female,No,0,Not Graduate,No,6221,45,86,360,1,Semiurban,Y
LP100639,Female,Yes,0,Graduate,No,6567,1886,224,240,1,Semiurban,N
LP100640,Female,No,0,Graduate,No,4381,36,144,180,1,Urban,N
LP100641,Female,No,0,Not Graduate,Yes,5644,347,223,360,1,Urban,N
LP100642,Male,Yes,0,Graduate,No,5787,1932,209,120,1,Urban,Y
LP100643,Male,No,0,Graduate,No,1610,0,82,360,1,Urban,N
LP100644,Female,Yes,0,Graduate,No,7047,0,249,360,1,Semiurban,Y
LP100645,Female,No,3+,Graduate,No,5552,911,168,180,1,Semiurban,Y
LP100646,Male,No,3+,Graduate,No,6773,0,72,360,1,Semiurban,N
LP100647,Male,No,0,Graduate,No,2786,264,99,360,1,Urban,Y
LP100648,Female,No,0,Not Graduate,No,4440,89,115,360,1,Rural,Y
LP100649,Male,No,0,Graduate,No,3060,0,79,240,1,Rural,N
LP100650,Male,No,2,Graduate,No,7386,172,183,120,1,Urban,Y
LP100651,Female,Yes,2,Not Graduate,Yes,2632,0,97,180,1,Semiurban,N
LP100652,Female,No,0,Graduate,Yes,3308,198,77,240,1,Urban,N
LP100653,Male,No,0,Graduate,No,6677,0,144,360,1,Rural,N
LP100654,Female,Yes,0,Graduate,No,3820,717,133,300,1,Semiurban,Y
LP100655,Male,No,2,Graduate,No,3309,70,105,180,1,Rural,N
LP100656,Female,Yes,2,Graduate,No,7984,478,196,360,1,Urban,Y
LP100657,Male,Yes,0,Not Graduate,No,8143,0,183,180,0,Urban,Y
LP100658,Female,Yes,1,Not Graduate,No,7307,1521,285,300,1,Semiurban,Y
LP100659,Male,Yes,0,Graduate,No,7765,390,320,360,1,Semiurban,Y
LP100660,Male,No,1,Graduate,No,4623,251,103,360,0,Rural,N
LP100661,Female,Yes,3+,Not Graduate,No,4683,2853,264,300,1,Urban,N
LP100662,Male,Yes,0,Graduate,Yes,3785,1588,162,360,1,Urban,N
LP100663,Male,Yes,0,Not Graduate,Yes,5600,1246,151,360,0,Urban,Y
LP100664,Male,Yes,1,Graduate,No,4010,668,140,120,1,Rural,N
LP100665,Female,No,0,Graduate,No,4197,1604,147,120,1,Semiurban,Y
LP100666,Female,No,2,Not Graduate,No,6891,2020,159,360,1,Rural,Y
LP100667,Female,Yes,0,Graduate,No,9123,2206,137,240,0,Rural,Y
LP100668,Male,Yes,2,Graduate,No,6255,1484,111,360,1,Rural,Y
LP100669,Male,Yes,0,Not Graduate,Yes,12225,0,423,120,1,Rural,N
LP100670,Male,Yes,0,Graduate,No,3683,3171,187,180,1,Rural,N
LP100671,Male,Yes,0,Graduate,No,2138,2952,177,360,1,Urban,N
LP100672,Female,Yes,0,Graduate,Yes,7281,1116,268,360,1,Rural,Y
LP100673,Female,Yes,0,Graduate,No,3567,4087,173,180,0,Urban,N
LP100674,Female,Yes,1,Graduate,No,4531,397,145,240,1,Urban,Y
LP100675,Male,Yes,0,Graduate,No,2209,0,103,360,0,Semiurban,N
LP100676,Female,Yes,0,Graduate,No,3356,1646,115,360,1,Semiurban,N
LP100677,Male,No,0,Not Graduate,No,2512,547,128,300,0,Urban,Y
LP100678,Male,No,0,Graduate,No,4195,0,149,240,1,Rural,N
LP100679,Male,Yes,2,Graduate,No,4275,0,116,360,1,Semiurban,Y
LP100680,Male,No,3+,Graduate,No,5395,219,105,240,1,Semiurban,Y
LP100681,Male,No,0,Not Graduate,No,9368,871,197,240,1,Urban,Y
LP100682,Male,Yes,2,Graduate,No,7150,2108,368,300,1,Urban,Y
LP100683,Male,Yes,2,Not Graduate,Yes,2372,728,96,180,1,Urban,N
LP100684,Female,Yes,3+,Graduate,No,6918,2567,291,360,0,Urban,N
LP100685,Male,No,0,Graduate,No,5451,0,221,300,1,Semiurban,Y
LP100686,Male,Yes,0,Not Graduate,No,4930,1601,129,360,1,Urban,N
LP100687,Female,No,0,Not Graduate,No,5111,1112,224,300,1,Urban,N
LP100688,Female,Yes,2,Graduate,No,5700,967,183,180,1,Semiurban,Y
LP100689,Male,Yes,2,Graduate,No,3707,2037,195,360,1,Urban,N
LP100690,Male,No,0,Graduate,No,4734,0,104,360,0,Urban,N
LP100691,Female,Yes,0,Graduate,No,9121,692,226,300,1,Semiurban,Y
LP100692,Male,No,2,Not Graduate,No,3685,311,71,120,1,Rural,N
LP100693,Male,No,2,Not Graduate,No,3152,1803,119,360,1,Rural,N
LP100694,Female,No,0,Graduate,No,5016,0,98,360,1,Urban,Y
LP100695,Male,Yes,1,Graduate,No,3003,0,85,360,1,Rural,N
LP100696,Female,No,0,Graduate,No,2260,387,45,360,0,Semiurban,N
LP100697,Female,Yes,0,Graduate,No,4379,1812,215,240,1,Semiurban,N
LP100698,Female,Yes,1,Not Graduate,No,10356,1874,149,360,1,Urban,Y
LP100699,Male,No,2,Graduate,No,5072,69,104,240,1,Urban,Y
LP100700,Male,No,3+,Graduate,No,5629,0,151,240,0,Urban,Y
LP100701,Male,Yes,0,Graduate,No,1859,450,103,360,1,Semiurban,N
LP100702,Male,Yes,0,Not Graduate,No,6376,651,173,120,1,Rural,Y
LP100703,Female,No,0,Graduate,No,5404,0,209,300,1,Semiurban,N
LP100704,Male,No,0,Graduate,No,3755,166,83,240,1,Rural,N
LP100705,Male,Yes,0,Graduate,No,5633,0,200,360,1,Semiurban,N
LP100706,Female,No,0,Graduate,No,5606,56,226,360,1,Urban,N
LP100707,Female,Yes,0,Graduate,No,3107,736,138,360,1,Semiurban,Y
LP100708,Male,Yes,0,Graduate,No,6059,522,222,300,1,Semiurban,N
LP100709,Male,No,0,Graduate,No,9179,1627,382,300,0,Semiurban,Y
LP100710,Female,No,2,Graduate,No,4631,118,107,360,1,Urban,Y
LP100711,Female,Yes,0,Not Graduate,No,3407,0,64,360,1,Semiurban,Y
LP100712,Female,Yes,1,Graduate,No,4745,2290,127,360,1,Semiurban,N
LP100713,Female,Yes,3+,Graduate,No,7787,1530,248,180,1,Rural,Y
LP100714,Female,No,1,Graduate,No,2868,395,119,240,1,Semiurban,Y
LP100715,Male,Yes,0,Not Graduate,No,6821,0,138,300,1,Rural,N
LP100716,Male,Yes,0,Not Graduate,No,3731,1660,133,360,1,Semiurban,N
LP100717,Male,No,1,Not Graduate,No,5803,0,132,360,1,Urban,Y
LP100718,Female,Yes,1,Graduate,No,3941,0,72,360,1,Rural,Y
LP100719,Female,Yes,0,Graduate,No,3936,0,108,300,1,Semiurban,Y
LP100720,Male,Yes,0,Graduate,No,10733,0,283,360,1,Rural,Y
LP100721,Male,No,1,Graduate,No,2627,838,120,360,1,Rural,N
LP100722,Male,Yes,0,Graduate,No,6522,2206,231,300,1,Rural,Y
LP100723,Female,Yes,1,Graduate,No,11861,289,239,360,1,Rural,Y
LP100724,Male,Yes,0,Graduate,No,7180,2313,303,360,1,Urban,Y
LP100725,Male,No,0,Graduate,Yes,2727,0,98,240,0,Urban,N
LP100726,Male,No,2,Graduate,Yes,2793,67,52,240,1,Urban,N
LP100727,Male,Yes,0,Graduate,No,3602,90,67,300,1,Semiurban,Y
LP100728,Male,Yes,1,Not Graduate,No,5574,0,182,360,0,Urban,N
LP100729,Male,No,0,Graduate,No,5759,321,174,240,1,Urban,N
LP100730,Male,Yes,0,Not Graduate,No,2806,0,71,240,1,Semiurban,N
LP100731,Male,Yes,3+,Graduate,No,3398,3328,143,180,0,Rural,Y
LP100732,Male,Yes,0,Not Graduate,No,3500,419,100,360,1,Urban,N
LP100733,Male,Yes,0,Not Graduate,No,4737,0,169,360,1,Urban,N
LP100734,Male,Yes,3+,Graduate,No,13395,1628,332,360,1,Rural,Y
LP100735,Female,Yes,2,Not Graduate,No,3301,1456,82,360,1,Semiurban,Y
LP100736,Male,Yes,1,Graduate,No,3233,0,72,180,1,Semiurban,Y
LP100737,Male,Yes,0,Graduate,No,2999,547,109,180,1,Semiurban,Y
LP100738,Male,No,0,Not Graduate,No,7010,89,131,360,1,Urban,Y
LP100739,Male,Yes,1,Graduate,No,5065,0,183,360,1,Semiurban,N
LP100740,Male,Yes,0,Graduate,No,3360,2651,132,360,0,Urban,Y
LP100741,Male,No,0,Graduate,No,4341,167,165,240,0,Urban,N
LP100742,Female,Yes,2,Graduate,No,3534,1449,124,360,1,Rural,Y
LP100743,Male,No,0,Graduate,No,5955,435,202,240,1,Urban,N
LP100744,Male,Yes,0,Graduate,No,18742,858,450,360,1,Urban,Y
LP100745,Male,No,0,Graduate,No,6731,251,173,360,1,Semiurban,Y
LP100746,Male,Yes,0,Graduate,No,4941,889,248,360,0,Semiurban,Y
LP100747,Male,Yes,1,Graduate,Yes,3755,281,79,360,1,Urban,N
LP100748,Female,Yes,2,Graduate,No,2711,0,61,360,1,Semiurban,Y
LP100749,Female,Yes,0,Graduate,No,7348,0,126,360,1,Rural,Y
LP100750,Male,Yes,0,Graduate,No,7159,0,190,360,1,Semiurban,Y
LP100751,Male,No,1,Graduate,No,4131,578,167,300,1,Rural,N
LP100752,Male,No,0,Not Graduate,No,9250,504,137,300,1,Urban,Y
LP100753,Male,Yes,1,Not Graduate,No,5219,1103,225,360,1,Rural,N
LP100754,Female,No,3+,Graduate,No,7494,849,188,360,1,Semiurban,Y
LP100755,Male,No,1,Graduate,No,5956,413,211,360,1,Semiurban,Y
LP100756,Male,No,0,Not Graduate,No,4746,0,80,300,0,Urban,N
LP100757,Female,No,3+,Not Graduate,No,3267,479,140,240,1,Semiurban,Y
LP100758,Male,No,0,Graduate,No,4818,512,173,360,1,Urban,Y
LP100759,Male,Yes,3+,Graduate,No,7740,1171,316,360,1,Urban,N
LP100760,Female,No,1,Graduate,No,4048,219,101,240,1,Rural,N
LP100761,Male,No,1,Graduate,No,6381,0,148,240,1,Urban,Y
LP100762,Male,Yes,3+,Not Graduate,No,3073,884,123,180,1,Rural,N
LP100763,Male,Yes,1,Graduate,No,7513,1626,258,360,0,Urban,Y
LP100764,Female,Yes,0,Graduate,No,6004,1468,179,240,1,Semiurban,Y
LP100765,Male,No,0,Graduate,No,2902,714,73,360,0,Rural,N
LP100766,Male,Yes,1,Not Graduate,No,4640,2297,234,180,1,Rural,Y
LP100767,Male,No,1,Graduate,Yes,8080,0,233,240,1,Semiurban,Y
LP100768,Male,No,0,Not Graduate,No,2823,792,50,180,1,Urban,N
LP100769,Female,No,2,Graduate,No,3090,0,111,120,1,Urban,N
LP100770,Male,Yes,1,Graduate,No,4997,0,141,360,1,Rural,N
LP100771,Male,No,0,Graduate,Yes,14386,0,213,360,1,Semiurban,N
LP100772,Female,No,0,Graduate,No,3741,1060,79,360,1,Semiurban,Y
LP100773,Female,Yes,0,Not Graduate,No,6553,485,66,360,0,Semiurban,N
LP100774,Male,No,0,Graduate,No,5854,205,169,180,1,Rural,Y
LP100775,Female,Yes,0,Graduate,No,3893,2168,135,360,0,Semiurban,N
LP100776,Female,No,0,Graduate,No,5582,0,68,360,1,Urban,Y
LP100777,Male,Yes,0,Graduate,No,4167,811,142,360,1,Semiurban,Y
LP100778,Female,Yes,0,Graduate,Yes,4351,1065,176,360,0,Urban,N
LP100779,Female,Yes,1,Not Graduate,No,2328,0,80,300,1,Semiurban,Y
LP100780,Male,Yes,0,Graduate,No,5107,3018,195,240,1,Semiurban,Y
LP100781,Female,Yes,3+,Graduate,No,7955,244,228,180,0,Semiurban,Y
LP100782,Male,No,3+,Graduate,Yes,5311,211,100,300,0,Rural,Y
LP100783,Female,Yes,1,Graduate,No,8721,1266,326,360,1,Rural,N
LP100784,Female,Yes,3+,Graduate,No,6826,903,123,360,0,Urban,Y
LP100785,Male,No,2,Graduate,No,5021,559,45,120,1,Urban,Y
LP100786,Female,No,0,Graduate,No,3822,183,122,360,1,Urban,N
LP100787,Male,Yes,2,Graduate,No,4091,0,70,360,1,Rural,Y
LP100788,Female,No,0,Not Graduate,No,2551,354,83,120,1,Rural,N
LP100789,Female,Yes,1,Not Graduate,No,4545,1370,199,300,1,Rural,Y
LP100790,Male,No,1,Graduate,Yes,5542,71,157,300,1,Urban,Y
LP100791,Male,Yes,0,Graduate,Yes,11771,1276,162,360,1,Urban,Y
LP100792,Male,No,0,Graduate,No,6658,0,166,240,0,Semiurban,N
LP100793,Male,No,3+,Graduate,No,3411,232,133,120,0,Urban,Y
LP100794,Male,No,0,Graduate,No,2589,38,104,240,0,Rural,N
LP100795,Male,Yes,0,Graduate,No,4679,1679,105,360,1,Semiurban,Y
LP100796,Male,No,0,Not Graduate,No,7629,475,287,360,0,Rural,N
LP100797,Male,Yes,0,Graduate,No,4648,0,153,240,1,Semiurban,Y
LP100798,Female,No,2,Graduate,No,6702,255,201,360,1,Urban,Y
LP100799,Female,No,2,Graduate,No,4737,252,84,360,1,Urban,N
LP100800,Female,No,0,Graduate,No,7289,656,214,240,1,Rural,Y
LP100801,Male,Yes,0,Graduate,No,2400,469,62,180,1,Rural,Y
LP100802,Female,Yes,0,Graduate,No,11159,3074,442,120,1,Semiurban,N
LP100803,Female,Yes,0,Graduate,No,3029,2036,177,240,0,Rural,N
LP100804,Male,Yes,2,Not Graduate,No,7563,4478,226,360,1,Semiurban,Y
LP100805,Male,Yes,2,Not Graduate,No,4534,172,97,360,1,Semiurban,N
LP100806,Female,Yes,0,Graduate,No,4887,0,189,360,1,Rural,Y
LP100807,Male,No,1,Not Graduate,No,4602,193,147,300,1,Rural,Y
LP100808,Male,Yes,0,Graduate,Yes,5841,0,171,360,0,Rural,N
LP100809,Female,Yes,1,Not Graduate,Yes,6436,641,260,240,1,Urban,Y
LP100810,Male,Yes,1,Graduate,No,8587,0,173,180,1,Semiurban,Y
LP100811,Male,No,1,Graduate,Yes,10156,194,278,180,1,Semiurban,Y
LP100812,Female,No,1,Graduate,No,6059,268,234,360,1,Semiurban,Y
LP100813,Female,Yes,3+,Graduate,Yes,11761,0,209,360,1,Urban,Y
LP100814,Male,Yes,0,Graduate,Yes,5403,3953,194,360,1,Rural,Y
LP100815,Female,Yes,0,Graduate,No,8666,139,294,360,1,Rural,Y
LP100816,Female,Yes,0,Graduate,Yes,6347,2581,130,180,1,Urban,Y
LP100817,Male,Yes,1,Graduate,No,3969,1244,103,300,0,Urban,Y
LP100818,Female,Yes,1,Graduate,No,5636,719,129,360,1,Rural,N
LP100819,Male,No,1,Not Graduate,Yes,6578,495,273,360,1,Semiurban,Y
LP100820,Male,Yes,2,Graduate,No,5088,1011,125,360,1,Urban,Y
LP100821,Female,No,0,Not Graduate,No,6299,543,121,180,1,Rural,N
LP100822,Male,Yes,1,Graduate,No,7827,2308,214,360,1,Rural,Y
LP100823,Female,No,2,Graduate,No,5109,902,153,300,1,Semiurban,N
LP100824,Female,No,0,Graduate,Yes,1500,49,80,300,1,Rural,N
LP100825,Male,No,0,Graduate,Yes,11563,344,406,180,1,Semiurban,N
LP100826,Female,Yes,0,Graduate,No,4479,1501,160,120,1,Urban,Y
LP100827,Male,Yes,0,Not Graduate,Yes,3480,1501,139,360,1,Semiurban,N
LP100828,Female,No,2,Graduate,No,3012,194,118,360,1,Semiurban,Y
LP100829,Male,No,3+,Not Graduate,Yes,4396,181,145,240,1,Semiurban,N
LP100830,Female,Yes,1,Graduate,No,3944,3351,204,240,0,Urban,N
LP100831,Male,Yes,0,Graduate,No,3627,0,82,360,1,Rural,N
LP100832,Male,Yes,1,Graduate,No,3724,2727,156,300,1,Semiurban,Y
LP100833,Female,No,2,Not Graduate,No,6663,0,229,240,1,Urban,Y
LP100834,Female,No,0,Graduate,No,13692,626,385,240,1,Semiurban,Y
LP100835,Male,No,2,Graduate,No,7661,0,124,360,0,Rural,Y
LP100836,Female,No,0,Graduate,No,8856,0,127,360,1,Semiurban,Y
LP100837,Female,Yes,0,Graduate,No,4311,0,88,300,1,Urban,Y
LP100838,Male,Yes,0,Not Graduate,No,5433,367,100,360,1,Rural,Y
LP100839,Male,Yes,0,Not Graduate,No,6340,714,87,360,1,Urban,Y
LP100840,Male,No,2,Graduate,No,3765,0,83,120,1,Urban,N
LP100841,Female,Yes,0,Not Graduate,No,4212,0,58,360,0,Semiurban,Y
LP100842,Male,Yes,0,Not Graduate,No,7787,2385,213,360,1,Rural,Y
LP100843,Male,Yes,0,Graduate,No,8720,585,319,360,1,Urban,Y
LP100844,Male,Yes,0,Graduate,No,5337,2016,235,360,1,Rural,Y
LP100845,Female,Yes,0,Graduate,No,2911,539,94,240,1,Urban,N
LP100846,Male,Yes,0,Graduate,No,4483,0,147,360,1,Urban,Y
LP100847,Female,Yes,1,Graduate,No,2587,584,100,360,0,Rural,N
LP100848,Male,No,0,Graduate,No,5357,697,55,180,1,Urban,Y
LP100849,Female,Yes,2,Not Graduate,Yes,5841,731,167,360,1,Semiurban,N
LP100850,Male,Yes,0,Not Graduate,No,4537,3689,207,360,1,Semiurban,Y
LP100851,Male,Yes,2,Graduate,No,5802,3588,245,360,1,Semiurban,Y
LP100852,Female,No,2,Graduate,No,6311,667,125,360,0,Semiurban,N
LP100853,Female,Yes,0,Graduate,No,5845,1744,181,240,1,Urban,N
LP100854,Male,No,0,Graduate,No,2902,1035,109,300,0,Urban,N
LP100855,Male,No,3+,Graduate,No,4575,0,96,240,1,Rural,Y
LP100856,Female,No,0,Graduate,Yes,6290,280,173,360,1,Semiurban,Y
LP100857,Female,Yes,1,Graduate,Yes,11023,572,266,360,1,Urban,Y
LP100858,Male,No,0,Graduate,No,4535,28,86,360,1,Semiurban,Y
LP100859,Male,Yes,0,Graduate,No,6730,778,116,180,1,Semiurban,Y
LP100860,Female,Yes,1,Graduate,No,7876,3552,316,360,1,Semiurban,Y
LP100861,Female,Yes,2,Not Graduate,No,4701,428,126,360,1,Urban,Y
LP100862,Female,Yes,0,Graduate,Yes,8966,3971,391,360,1,Semiurban,Y
LP100863,Male,Yes,2,Graduate,No,9201,0,228,360,1,Rural,Y
LP100864,Male,Yes,1,Graduate,No,10022,2504,450,300,1,Semiurban,N
LP100865,Female,Yes,0,Graduate,No,6438,0,90,300,1,Rural,Y
LP100866,Female,Yes,0,Graduate,No,16040,394,450,240,1,Rural,N
LP100867,Female,Yes,0,Graduate,No,3846,3459,197,120,0,Rural,N
LP100868,Male,No,0,Graduate,No,14322,601,333,120,1,Urban,Y
LP100869,Male,Yes,1,Graduate,No,7471,467,246,360,1,Urban,Y
LP100870,Female,No,0,Graduate,No,9832,175,361,300,1,Semiurban,Y
LP100871,Male,Yes,0,Graduate,Yes,4431,1138,207,180,1,Rural,N
LP100872,Female,Yes,1,Graduate,No,7749,1837,168,180,0,Urban,Y
LP100873,Male,Yes,1,Graduate,No,10249,569,286,360,1,Rural,Y
LP100874,Female,Yes,1,Graduate,No,3066,457,60,360,0,Urban,N
LP100875,Female,Yes,1,Graduate,No,4777,0,157,300,1,Semiurban,N
LP100876,Male,Yes,0,Graduate,Yes,1849,0,45,360,1,Rural,N
LP100877,Male,Yes,1,Graduate,No,4743,3531,172,360,1,Semiurban,N
LP100878,Female,Yes,0,Graduate,No,3492,2341,57,360,1,Semiurban,Y
LP100879,Female,Yes,0,Graduate,No,4654,2294,212,360,0,Urban,Y
LP100880,Male,Yes,0,Graduate,No,21023,169,305,360,1,Rural,Y
LP100881,Female,Yes,1,Graduate,Yes,11785,0,274,360,1,Urban,Y
LP100882,Female,Yes,1,Graduate,No,2589,1042,85,240,1,Urban,Y
LP100883,Male,Yes,0,Not Graduate,No,6746,517,195,360,1,Urban,Y
LP100884,Male,Yes,2,Not Graduate,No,7582,1997,190,300,0,Urban,N
LP100885,Male,Yes,2,Not Graduate,No,4393,1812,187,240,1,Rural,N
LP100886,Male,Yes,0,Graduate,No,5628,0,124,360,0,Semiurban,Y
LP100887,Male,No,1,Graduate,No,5899,663,110,360,1,Urban,Y
LP100888,Male,Yes,0,Graduate,No,2707,2599,99,360,0,Semiurban,N
LP100889,Female,Yes,3+,Graduate,No,3149,6432,192,360,1,Rural,Y
LP100890,Male,Yes,0,Graduate,No,5612,0,154,360,0,Rural,N
LP100891,Female,No,0,Graduate,No,5419,274,109,360,1,Rural,Y
LP100892,Male,Yes,0,Graduate,No,3677,1979,168,360,1,Urban,N
LP100893,Male,Yes,0,Graduate,No,3529,3020,144,240,1,Semiurban,Y
LP100894,Female,No,1,Graduate,No,4949,20,94,180,0,Urban,N
LP100895,Female,Yes,1,Graduate,No,7906,0,157,300,0,Urban,N
LP100896,Male,No,0,Not Graduate,No,4981,0,113,360,1,Rural,Y
LP100897,Male,Yes,1,Graduate,No,11259,0,257,360,1,Urban,Y
LP100898,Male,No,2,Graduate,No,3700,0,93,360,1,Rural,N
LP100899,Male,Yes,2,Not Graduate,No,5669,0,193,120,1,Rural,Y
LP100900,Male,Yes,1,Graduate,No,4359,0,59,360,1,Rural,N
LP100901,Male,No,0,Graduate,Yes,6851,707,195,360,1,Semiurban,Y
LP100902,Male,Yes,0,Graduate,No,3550,1823,150,360,1,Semiurban,Y
LP100903,Male,No,2,Graduate,No,13032,1063,244,300,1,Semiurban,Y
LP100904,Female,Yes,2,Graduate,Yes,2295,1760,115,360,1,Rural,N
LP100905,Female,No,1,Not Graduate,No,11771,0,339,360,1,Rural,Y
LP100906,Male,No,2,Not Graduate,No,5395,1694,176,360,1,Semiurban,Y
LP100907,Male,Yes,0,Not Graduate,No,6736,242,189,240,1,Rural,N
LP100908,Male,No,1,Not Graduate,No,9804,0,165,120,1,Urban,Y
LP100909,Male,Yes,0,Graduate,No,7798,631,179,180,1,Urban,Y
LP100910,Female,No,0,Not Graduate,No,3639,1230,143,360,1,Urban,Y
LP100911,Female,Yes,0,Graduate,No,6891,309,156,360,0,Semiurban,Y
LP100912,Female,Yes,0,Graduate,No,12662,1351,410,360,1,Semiurban,Y
LP100913,Female,No,3+,Not Graduate,No,3375,0,87,360,0,Semiurban,N
LP100914,Female,Yes,0,Not Graduate,No,14283,0,333,120,1,Urban,N
LP100915,Female,Yes,2,Not Graduate,No,6218,0,86,180,1,Urban,N
LP100916,Male,Yes,2,Graduate,No,4197,425,161,360,1,Semiurban,N
LP100917,Male,No,1,Graduate,No,3365,163,84,360,0,Semiurban,N
LP100918,Male,Yes,3+,Graduate,Yes,4642,1633,63,360,1,Urban,Y
LP100919,Male,No,0,Graduate,No,2021,7,45,360,1,Rural,Y
LP100920,Male,No,0,Not Graduate,No,4233,959,99,360,1,Semiurban,Y
LP100921,Female,Yes,0,Not Graduate,No,4554,0,145,360,1,Semiurban,Y
LP100922,Female,Yes,0,Graduate,No,3085,1211,93,360,1,Urban,Y
LP100923,Male,No,2,Graduate,No,7398,0,222,300,1,Semiurban,N
LP100924,Male,Yes,0,Graduate,No,4652,4376,315,120,1,Rural,N
LP100925,Male,Yes,0,Graduate,No,3808,3185,304,360,1,Rural,N
LP100926,Male,No,0,Graduate,No,4420,44,86,300,1,Semiurban,Y
LP100927,Female,Yes,1,Not Graduate,Yes,6127,3450,228,180,0,Urban,N
LP100928,Female,Yes,2,Graduate,No,5352,768,213,240,0,Urban,N
LP100929,Female,No,0,Not Graduate,No,3691,0,128,360,1,Semiurban,N
LP100930,Male,Yes,2,Graduate,No,5488,2879,183,180,1,Rural,Y
LP100931,Male,Yes,1,Not Graduate,No,5043,1347,202,360,1,Urban,N
LP100932,Male,Yes,2,Graduate,No,2990,0,79,360,1,Urban,Y
LP100933,Female,No,0,Graduate,Yes,4499,0,139,360,1,Semiurban,N
LP100934,Female,No,1,Graduate,No,6823,21,235,180,1,Semiurban,Y
LP100935,Male,Yes,0,Graduate,Yes,6800,1976,297,360,1,Rural,N
LP100936,Female,Yes,0,Not Graduate,No,4627,1058,185,360,1,Urban,Y
LP100937,Male,Yes,2,Graduate,No,7150,873,132,240,1,Semiurban,N
LP100938,Female,Yes,1,Graduate,No,3228,0,93,360,0,Semiurban,N
LP100939,Male,Yes,0,Graduate,Yes,3276,0,96,180,0,Urban,N
LP100940,Male,No,2,Graduate,No,4580,266,135,360,1,Semiurban,N
LP100941,Female,Yes,0,Graduate,No,10602,0,254,360,1,Urban,Y
LP100942,Male,No,1,Graduate,No,5588,1414,183,360,1,Semiurban,Y
LP100943,Male,Yes,3+,Graduate,No,4527,774,167,360,1,Semiurban,N
LP100944,Male,Yes,1,Graduate,No,10842,4937,450,300,0,Urban,N
LP100945,Male,Yes,2,Not Graduate,No,4502,0,152,360,1,Urban,Y
LP100946,Female,Yes,1,Not Graduate,No,15103,781,336,360,1,Urban,Y
LP100947,Female,No,2,Graduate,No,4042,1011,164,180,1,Urban,Y
LP100948,Female,No,1,Graduate,No,3179,0,91,360,1,Semiurban,Y
LP100949,Male,No,1,Not Graduate,No,4770,1420,137,360,1,Rural,N
LP100950,Male,Yes,0,Graduate,No,4585,1641,118,300,1,Semiurban,N
LP100951,Male,No,2,Not Graduate,No,3506,336,110,360,1,Urban,N
LP100952,Male,Yes,0,Graduate,No,18015,0,450,240,1,Semiurban,Y
LP100953,Male,No,3+,Graduate,Yes,6021,867,124,120,1,Urban,Y
LP100954,Female,Yes,0,Graduate,No,6456,4396,363,240,1,Urban,Y
LP100955,Female,Yes,0,Graduate,No,4139,0,182,360,1,Urban,N
LP100956,Female,Yes,2,Graduate,No,3916,1396,178,180,1,Urban,N
LP100957,Male,Yes,0,Graduate,No,8453,0,309,240,1,Semiurban,N
LP100958,Male,Yes,0,Graduate,No,2311,411,60,360,1,Semiurban,Y
LP100959,Male,No,2,Not Graduate,No,2985,0,121,360,1,Urban,Y
LP100960,Male,No,0,Graduate,No,4588,0,169,360,1,Rural,N
LP100961,Male,No,0,Graduate,No,9882,587,296,240,1,Rural,Y
LP100962,Male,Yes,1,Graduate,No,4317,0,123,180,1,Urban,N
LP100963,Male,Yes,0,Graduate,No,6309,0,139,360,0,Urban,N
LP100964,Female,Yes,0,Graduate,No,5236,0,151,300,1,Semiurban,Y
LP100965,Male,Yes,0,Graduate,No,9626,1096,341,360,1,Rural,Y
LP100966,Female,Yes,0,Graduate,No,2415,0,54,360,1,Semiurban,N
LP100967,Male,Yes,0,Graduate,No,7356,2541,306,300,0,Urban,N
LP100968,Male,Yes,0,Graduate,Yes,4696,2121,187,360,1,Semiurban,Y
LP100969,Male,Yes,1,Graduate,No,8054,1680,152,360,1,Semiurban,N
LP100970,Male,Yes,1,Not Graduate,Yes,3487,2060,81,180,1,Semiurban,Y
LP100971,Male,No,0,Graduate,No,5228,168,167,360,0,Urban,N
LP100972,Male,Yes,0,Graduate,No,4919,1341,112,360,1,Urban,Y
LP100973,Female,No,2,Not Graduate,No,3193,231,129,240,1,Semiurban,N
LP100974,Male,Yes,1,Graduate,No,2794,575,120,300,1,Semiurban,N
LP100975,Female,No,0,Graduate,No,3910,163,83,360,1,Rural,N
LP100976,Male,No,0,Not Graduate,No,5499,614,200,360,1,Semiurban,Y
LP100977,Male,No,0,Graduate,Yes,3593,48,103,360,1,Rural,Y
LP100978,Male,No,2,Not Graduate,No,4410,112,182,360,1,Semiurban,N
LP100979,Male,No,3+,Graduate,No,2090,235,45,300,0,Semiurban,N
LP100980,Female,Yes,3+,Not Graduate,No,4325,0,161,360,1,Semiurban,N
LP100981,Female,Yes,0,Not Graduate,No,8445,0,194,360,1,Rural,Y
LP100982,Female,Yes,0,Graduate,No,7248,633,104,120,1,Rural,Y
LP100983,Male,Yes,0,Not Graduate,No,4956,789,194,180,1,Rural,Y
LP100984,Male,Yes,0,Graduate,No,5808,1511,227,240,0,Urban,N
LP100985,Female,Yes,0,Graduate,No,3472,1089,151,180,1,Rural,Y
LP100986,Male,Yes,1,Graduate,No,11268,1571,210,360,1,Rural,N
LP100987,Male,Yes,0,Graduate,Yes,13940,1377,347,300,1,Urban,Y
LP100988,Male,Yes,3+,Graduate,No,5592,1054,187,360,1,Rural,Y
LP100989,Female,Yes,0,Graduate,No,17917,794,450,360,0,Urban,Y
LP100990,Female,No,0,Graduate,Yes,3728,92,106,240,1,Semiurban,N
LP100991,Female,No,2,Graduate,No,2834,387,55,360,0,Urban,N
LP100992,Female,Yes,2,Not Graduate,No,3675,790,173,360,1,Semiurban,Y
LP100993,Male,Yes,0,Graduate,No,4650,4279,254,180,1,Rural,Y
LP100994,Female,Yes,1,Not Graduate,No,15675,0,450,180,1,Urban,Y
LP100995,Male,Yes,0,Not Graduate,Yes,4514,2411,234,360,0,Urban,N
LP100996,Female,No,0,Not Graduate,No,3420,0,68,360,1,Semiurban,Y
LP100997,Male,Yes,0,Graduate,No,3357,1912,206,360,1,Urban,N
LP100998,Female,No,0,Not Graduate,Yes,8930,44,207,360,1,Semiurban,Y
LP100999,Male,Yes,1,Not Graduate,No,8339,904,333,360,1,Urban,Y
LP101000,Male,No,0,Not Graduate,Yes,4093,1863,121,360,1,Urban,Y
LP101001,Male,Yes,1,Not Graduate,No,2100,1122,92,360,1,Rural,N
LP101002,Male,Yes,2,Graduate,No,3006,0,90,360,0,Urban,N
LP101003,Male,No,0,Graduate,No,11804,23,169,180,1,Urban,Y
LP101004,Female,Yes,0,Not Graduate,No,7191,0,244,360,0,Urban,N
LP101005,Male,No,0,Graduate,No,5332,0,94,300,1,Rural,Y
LP101006,Female,Yes,2,Not Graduate,No,12671,749,199,360,1,Urban,Y
LP101007,Male,Yes,1,Graduate,No,13227,873,450,300,1,Semiurban,Y
LP101008,Female,Yes,2,Graduate,No,5078,2176,189,360,1,Semiurban,Y
LP101009,Male,No,0,Graduate,No,5123,547,152,300,1,Urban,N
LP101010,Female,Yes,0,Graduate,No,3907,4564,315,360,1,Semiurban,Y
LP101011,Female,No,1,Not Graduate,No,4507,595,116,300,1,Urban,N
LP101012,Male,No,0,Graduate,Yes,2531,630,57,360,1,Semiurban,N
LP101013,Female,No,2,Graduate,No,2527,0,112,300,1,Rural,N
LP101014,Male,Yes,0,Graduate,Yes,2260,446,89,360,1,Urban,N
LP101015,Male,No,0,Not Graduate,Yes,8695,288,152,360,1,Semiurban,Y
LP101016,Female,No,1,Graduate,No,2442,398,67,300,0,Semiurban,N
LP101017,Female,Yes,1,Graduate,No,13174,3116,348,360,1,Semiurban,Y
LP101018,Male,Yes,1,Graduate,No,3639,5234,160,360,0,Rural,N
LP101019,Male,Yes,0,Graduate,No,11896,639,228,360,0,Urban,Y
LP101020,Female,Yes,3+,Not Graduate,No,4336,1226,197,360,0,Semiurban,N
LP101021,Female,No,2,Not Graduate,Yes,2436,2,45,300,1,Urban,N
LP101022,Female,Yes,2,Graduate,Yes,9568,383,177,360,1,Urban,Y
LP101023,Male,Yes,1,Graduate,No,10126,1051,396,360,1,Urban,N
LP101024,Female,Yes,1,Graduate,No,3345,664,67,360,1,Rural,N
LP101025,Male,Yes,1,Graduate,No,4406,671,177,360,1,Urban,Y
LP101026,Female,Yes,0,Graduate,No,3345,0,129,360,1,Rural,Y
LP101027,Male,No,0,Graduate,No,4876,0,129,360,1,Urban,Y
LP101028,Female,Yes,1,Graduate,No,5441,2740,192,360,0,Semiurban,N
LP101029,Male,Yes,0,Not Graduate,No,4365,0,62,300,1,Urban,Y
LP101030,Male,No,0,Graduate,No,2158,577,66,360,0,Semiurban,N
LP101031,Female,Yes,2,Graduate,Yes,3910,0,71,300,1,Rural,N
LP101032,Male,Yes,0,Graduate,No,7242,0,195,360,0,Urban,N
LP101033,Female,Yes,1,Graduate,Yes,4674,796,81,360,1,Semiurban,Y
LP101034,Male,No,1,Graduate,No,4415,309,153,300,0,Urban,N
LP101035,Female,No,0,Graduate,No,3305,465,88,180,1,Urban,Y
LP101036,Male,Yes,2,Graduate,Yes,3855,0,126,240,0,Semiurban,N
LP101037,Male,Yes,0,Not Graduate,No,10161,0,167,360,1,Semiurban,Y
LP101038,Male,Yes,2,Not Graduate,No,2990,0,73,300,1,Semiurban,Y
LP101039,Male,No,2,Not Graduate,No,7303,417,254,120,1,Urban,N
LP101040,Male,Yes,0,Graduate,No,5285,0,189,300,1,Urban,Y
LP101041,Female,No,0,Graduate,No,5811,168,134,300,0,Semiurban,N
LP101042,Female,No,0,Graduate,No,3635,0,79,240,1,Urban,Y
LP101043,Female,Yes,0,Graduate,No,4364,4321,179,240,1,Rural,Y
LP101044,Male,No,0,Not Graduate,No,5153,144,201,360,1,Semiurban,N
LP101045,Male,No,3+,Not Graduate,No,4024,70,106,360,0,Urban,N
LP101046,Male,Yes,0,Graduate,No,6058,0,183,360,1,Urban,Y
LP101047,Female,No,2,Graduate,No,6435,0,113,180,0,Semiurban,Y
LP101048,Female,No,0,Graduate,Yes,14660,192,345,300,1,Semiurban,Y
LP101049,Male,Yes,3+,Graduate,No,5905,1916,208,180,1,Rural,N
LP101050,Female,No,0,Not Graduate,No,2063,175,57,360,1,Rural,Y
LP101051,Male,Yes,0,Graduate,No,9029,2048,275,120,1,Semiurban,Y
LP101052,Male,No,1,Graduate,Yes,4685,0,98,240,0,Urban,N
LP101053,Male,No,0,Graduate,No,13571,1149,227,360,1,Semiurban,Y
LP101054,Male,Yes,2,Graduate,No,10468,0,354,300,0,Semiurban,Y
LP101055,Female,Yes,0,Graduate,Yes,4054,0,45,360,0,Urban,N
LP101056,Female,Yes,1,Not Graduate,No,7306,1975,349,360,1,Rural,N
LP101057,Male,Yes,1,Graduate,Yes,3885,461,71,360,1,Rural,N
LP101058,Male,Yes,1,Graduate,No,5173,2341,153,300,1,Urban,Y
LP101059,Female,Yes,0,Graduate,No,7147,5066,211,240,1,Rural,N
LP101060,Female,Yes,0,Graduate,Yes,8815,429,294,360,0,Semiurban,N
LP101061,Female,Yes,0,Graduate,Yes,7940,2566,329,180,1,Semiurban,N
LP101062,Male,Yes,0,Graduate,No,5356,0,189,120,1,Rural,N
LP101063,Female,No,0,Graduate,No,17018,0,419,360,1,Rural,N
LP101064,Male,Yes,3+,Graduate,No,4336,2359,116,240,0,Rural,N
LP101065,Female,Yes,1,Not Graduate,No,2389,0,96,120,1,Semiurban,N
LP101066,Male,Yes,1,Graduate,No,2620,3002,221,360,1,Urban,Y
LP101067,Female,Yes,0,Not Graduate,No,10483,477,228,360,1,Semiurban,Y
LP101068,Male,No,0,Graduate,No,4980,115,170,180,0,Semiurban,N
LP101069,Male,Yes,1,Graduate,No,5577,0,151,360,1,Semiurban,Y
LP101070,Female,Yes,0,Graduate,No,3982,284,127,360,1,Urban,Y
LP101071,Female,No,0,Graduate,No,4158,649,102,240,0,Rural,N
LP101072,Male,No,0,Graduate,No,3541,557,103,360,1,Urban,Y
LP101073,Female,No,1,Graduate,No,6478,147,124,240,1,Semiurban,N
LP101074,Female,No,3+,Not Graduate,No,4931,263,176,360,1,Urban,N
LP101075,Male,No,0,Graduate,No,6366,1036,222,120,1,Semiurban,N
LP101076,Male,Yes,1,Graduate,No,6081,6798,299,240,1,Rural,Y
LP101077,Male,Yes,0,Not Graduate,No,4212,2071,128,360,1,Semiurban,N
LP101078,Female,Yes,0,Graduate,No,2565,1374,65,360,1,Rural,N
LP101079,Male,Yes,2,Not Graduate,No,2460,551,49,240,1,Urban,Y
LP101080,Male,Yes,0,Not Graduate,No,22088,3007,450,360,1,Semiurban,Y
LP101081,Female,Yes,1,Not Graduate,No,10504,0,192,360,1,Urban,Y
LP101082,Female,No,0,Not Graduate,No,9831,0,151,360,1,Rural,Y
LP101083,Female,No,0,Graduate,No,3738,273,127,240,1,Urban,N
LP101084,Female,No,3+,Graduate,No,5190,708,128,240,1,Semiurban,Y
LP101085,Female,Yes,0,Not Graduate,No,3493,0,78,360,0,Urban,N
LP101086,Female,Yes,2,Not Graduate,No,2752,0,105,240,1,Urban,N
LP101087,Female,Yes,0,Graduate,No,3895,0,76,300,0,Semiurban,N
LP101088,Male,Yes,3+,Graduate,No,9765,0,229,180,1,Urban,N
LP101089,Male,No,0,Graduate,No,7735,90,121,180,1,Semiurban,Y
LP101090,Male,No,0,Graduate,No,3243,442,82,360,1,Semiurban,N
LP101091,Female,No,2,Graduate,No,4442,0,162,300,1,Rural,N
LP101092,Male,No,0,Not Graduate,No,7403,132,218,120,0,Semiurban,N
LP101093,Male,No,0,Not Graduate,No,3928,406,84,180,1,Semiurban,N
LP101094,Female,Yes,3+,Graduate,No,5368,1647,110,120,1,Rural,Y
LP101095,Male,Yes,1,Graduate,No,6266,1260,188,120,1,Urban,Y
LP101096,Male,Yes,1,Graduate,No,6233,386,219,240,1,Rural,Y
LP101097,Female,Yes,1,Graduate,No,5837,0,204,360,1,Semiurban,N
LP101098,Female,Yes,2,Graduate,No,3775,638,150,120,1,Rural,N
LP101099,Male,Yes,2,Graduate,Yes,3966,982,95,240,0,Semiurban,N
LP101100,Male,No,1,Graduate,No,2998,0,117,360,1,Urban,N
LP101101,Male,Yes,0,Graduate,No,2442,532,91,360,1,Rural,N
LP101102,Female,No,0,Graduate,No,4890,1192,111,360,1,Semiurban,Y
LP101103,Female,No,1,Graduate,No,7645,0,182,360,1,Semiurban,N
LP101104,Male,No,2,Graduate,No,2664,76,74,240,1,Urban,Y
LP101105,Female,No,0,Graduate,No,5890,0,189,120,1,Rural,N
LP101106,Male,Yes,0,Graduate,No,7530,0,161,120,0,Urban,Y
LP101107,Male,No,0,Graduate,No,2140,0,45,180,1,Semiurban,Y
LP101108,Female,Yes,1,Graduate,No,4537,75,108,360,1,Semiurban,Y
LP101109,Male,No,2,Graduate,No,11386,625,359,360,1,Semiurban,Y
LP101110,Male,Yes,0,Not Graduate,Yes,6734,1290,204,360,1,Semiurban,N
LP101111,Male,Yes,1,Graduate,No,2105,1017,107,360,1,Semiurban,N
LP101112,Female,No,2,Graduate,No,7087,260,132,360,1,Rural,N
LP101113,Female,No,3+,Graduate,No,3609,0,112,300,0,Semiurban,N
LP101114,Female,Yes,0,Not Graduate,No,7200,2112,315,360,1,Semiurban,N
LP101115,Male,No,3+,Not Graduate,Yes,3710,661,139,300,0,Semiurban,N
LP101116,Male,Yes,1,Graduate,No,5037,1806,257,180,0,Rural,N
LP101117,Female,No,2,Graduate,No,3992,3900,203,360,1,Semiurban,Y
LP101118,Male,Yes,0,Graduate,No,5175,1128,181,360,0,Semiurban,N
LP101119,Female,Yes,1,Graduate,Yes,3935,545,91,360,1,Semiurban,N
LP101120,Female,Yes,1,Graduate,No,4641,528,123,300,1,Urban,N
LP101121,Male,Yes,0,Graduate,Yes,2939,1685,152,360,1,Semiurban,N
LP101122,Female,Yes,0,Not Graduate,Yes,6539,1372,217,360,1,Semiurban,Y
LP101123,Male,Yes,1,Not Graduate,No,5620,927,231,360,1,Rural,N
LP101124,Male,Yes,1,Graduate,Yes,2378,0,52,300,0,Urban,N
LP101125,Male,Yes,0,Not Graduate,Yes,8322,0,209,240,1,Semiurban,Y
LP101126,Male,Yes,0,Graduate,No,4748,0,45,300,1,Semiurban,Y
LP101127,Female,Yes,0,Graduate,No,5584,1924,150,360,1,Rural,N
LP101128,Female,No,3+,Not Graduate,No,7458,0,211,360,0,Rural,N
LP101129,Female,No,3+,Graduate,No,6048,281,202,240,1,Urban,N
LP101130,Female,Yes,0,Graduate,No,9039,690,343,240,1,Rural,N
LP101131,Male,No,0,Graduate,No,4488,314,130,180,1,Rural,N
LP101132,Male,Yes,0,Graduate,No,8489,3502,305,360,0,Rural,Y
LP101133,Female,Yes,0,Graduate,No,5481,0,92,360,1,Urban,Y
LP101134,Female,No,2,Graduate,No,6592,18,147,360,1,Urban,Y
LP101135,Male,No,1,Graduate,No,6271,335,223,120,1,Urban,N
LP101136,Male,No,0,Graduate,No,9373,381,317,180,1,Urban,N
LP101137,Male,Yes,0,Graduate,No,7305,421,210,360,1,Urban,Y
LP101138,Male,No,0,Graduate,No,4177,471,205,360,0,Semiurban,N
LP101139,Female,Yes,2,Graduate,No,3798,861,90,240,1,Rural,Y
LP101140,Male,Yes,1,Graduate,No,5045,981,212,240,1,Semiurban,N
LP101141,Female,Yes,1,Graduate,Yes,3587,1828,173,240,0,Rural,N
LP101142,Female,No,0,Not Graduate,No,3118,44,62,180,1,Urban,N
LP101143,Female,Yes,3+,Graduate,No,1860,1437,131,120,1,Rural,N
LP101144,Male,No,0,Not Graduate,No,2456,38,76,360,1,Rural,N
LP101145,Male,No,2,Not Graduate,No,13400,553,384,240,1,Urban,N
LP101146,Female,No,2,Graduate,No,3770,84,64,300,1,Rural,Y
LP101147,Female,No,1,Not Graduate,No,12883,0,195,360,1,Rural,Y
LP101148,Male,No,2,Not Graduate,No,6270,0,158,300,1,Rural,Y
LP101149,Female,Yes,0,Graduate,No,5045,892,134,360,0,Urban,Y
LP101150,Male,Yes,1,Graduate,No,2514,1406,98,360,1,Rural,Y
LP101151,Female,Yes,0,Not Graduate,No,5178,4714,351,240,1,Rural,Y
LP101152,Male,Yes,0,Not Graduate,No,12813,1398,292,360,1,Rural,N
LP101153,Male,Yes,0,Graduate,Yes,10913,2520,392,240,0,Urban,N
LP101154,Male,Yes,0,Not Graduate,No,5894,2733,225,240,1,Rural,N
LP101155,Male,Yes,0,Not Graduate,Yes,2977,2029,51,180,1,Rural,Y
LP101156,Male,Yes,0,Not Graduate,No,3264,2283,189,360,0,Urban,N
LP101157,Male,Yes,1,Not Graduate,No,3432,0,51,300,1,Urban,Y
LP101158,Male,No,0,Graduate,No,9543,235,156,360,0,Rural,Y
LP101159,Female,Yes,0,Graduate,No,11308,552,266,180,1,Rural,N
LP101160,Male,No,3+,Graduate,No,5676,1406,202,360,0,Rural,N
LP101161,Female,No,3+,Graduate,Yes,4467,0,72,120,1,Urban,N
LP101162,Female,Yes,0,Graduate,No,10866,1682,238,240,0,Rural,N
LP101163,Male,No,0,Not Graduate,No,3230,0,105,360,1,Urban,Y
LP101164,Male,Yes,1,Not Graduate,No,5297,763,171,180,1,Urban,N
LP101165,Female,No,2,Graduate,No,6453,34,140,300,1,Semiurban,N
LP101166,Female,Yes,0,Graduate,No,3415,1529,98,360,1,Rural,N
LP101167,Male,Yes,2,Graduate,No,3808,1462,127,360,1,Urban,Y
LP101168,Female,Yes,0,Graduate,No,3668,1121,105,360,1,Urban,N
LP101169,Male,Yes,0,Graduate,No,10199,0,312,180,1,Urban,Y
LP101170,Male,No,2,Graduate,No,12951,961,266,180,1,Rural,Y
LP101171,Female,No,1,Graduate,No,5459,609,130,300,1,Urban,N
LP101172,Male,No,2,Not Graduate,No,4543,746,126,240,1,Urban,N
LP101173,Female,No,0,Graduate,No,3874,513,89,240,1,Urban,N
LP101174,Male,No,0,Graduate,Yes,5171,0,167,300,1,Semiurban,Y
LP101175,Female,Yes,0,Graduate,Yes,3968,782,91,300,1,Semiurban,N
LP101176,Male,No,0,Graduate,No,4932,0,150,360,1,Semiurban,Y
LP101177,Male,Yes,0,Not Graduate,No,6300,0,219,120,1,Urban,N
LP101178,Male,Yes,1,Not Graduate,No,4253,928,98,240,1,Urban,Y
LP101179,Male,Yes,1,Graduate,No,4717,0,79,240,1,Semiurban,N
LP101180,Female,No,1,Graduate,No,4727,0,95,240,1,Rural,N
LP101181,Male,Yes,0,Graduate,No,4436,3315,280,360,1,Rural,N
LP101182,Male,Yes,0,Graduate,No,4180,2258,117,240,1,Semiurban,Y
LP101183,Male,Yes,1,Graduate,Yes,7449,2799,206,240,1,Urban,Y
LP101184,Male,Yes,0,Graduate,No,2208,620,76,360,1,Rural,N
LP101185,Female,Yes,2,Graduate,Yes,11000,0,297,300,1,Semiurban,N
LP101186,Male,No,0,Graduate,No,5514,123,157,240,1,Urban,N
LP101187,Female,No,1,Graduate,No,6924,633,186,360,1,Semiurban,Y
LP101188,Male,Yes,2,Graduate,No,7318,0,138,360,1,Rural,Y
LP101189,Female,Yes,1,Graduate,No,3678,2330,171,360,0,Semiurban,N
LP101190,Male,Yes,1,Graduate,No,3331,1829,159,360,1,Semiurban,N
LP101191,Male,Yes,1,Graduate,No,3148,0,137,360,1,Rural,N
LP101192,Female,Yes,0,Graduate,No,4589,0,135,240,0,Semiurban,N
LP101193,Female,No,1,Graduate,No,7227,357,220,360,1,Semiurban,N
LP101194,Female,No,2,Not Graduate,No,3904,17,94,180,1,Semiurban,N
LP101195,Male,Yes,3+,Not Graduate,No,6917,0,239,360,1,Semiurban,Y
LP101196,Male,Yes,0,Graduate,No,1658,3114,175,360,1,Rural,N
LP101197,Female,Yes,0,Not Graduate,No,4294,0,89,120,1,Rural,Y
LP101198,Male,Yes,2,Graduate,No,9047,964,244,360,1,Rural,Y
LP101199,Female,No,1,Graduate,No,4760,0,150,360,1,Rural,N
LP101200,Male,No,0,Graduate,No,3470,35,54,240,0,Urban,Y
LP101201,Male,No,0,Graduate,Yes,3770,579,113,360,1,Rural,Y
LP101202,Female,No,0,Graduate,No,1500,491,69,360,1,Semiurban,Y
LP101203,Female,No,0,Not Graduate,No,3179,0,58,300,1,Rural,Y
LP101204,Male,No,0,Graduate,No,8582,708,379,360,1,Rural,Y
LP101205,Male,Yes,0,Graduate,Yes,3906,99,135,180,0,Rural,N
LP101206,Female,Yes,0,Graduate,No,4134,0,91,180,1,Semiurban,Y
LP101207,Male,Yes,3+,Graduate,No,1687,1121,81,360,1,Semiurban,N
LP101208,Male,Yes,0,Graduate,No,2362,548,134,360,1,Urban,N
LP101209,Male,Yes,0,Graduate,No,9147,2526,244,360,1,Rural,Y
LP101210,Female,Yes,0,Graduate,Yes,6949,3873,350,360,0,Semiurban,N
LP101211,Female,No,0,Not Graduate,No,2772,62,90,360,1,Urban,Y
LP101212,Male,No,3+,Graduate,No,3817,231,133,120,1,Semiurban,Y
LP101213,Male,Yes,3+,Graduate,No,5095,3193,245,360,1,Rural,Y
LP101214,Male,Yes,0,Not Graduate,No,2910,1463,119,360,0,Rural,Y
LP101215,Male,No,0,Graduate,No,1974,367,102,300,1,Rural,N
LP101216,Male,Yes,0,Graduate,Yes,4787,0,68,300,1,Urban,Y
LP101217,Male,Yes,0,Graduate,Yes,6801,471,128,360,0,Semiurban,Y
LP101218,Female,Yes,0,Graduate,No,6864,982,116,360,1,Semiurban,Y
LP101219,Male,Yes,0,Graduate,No,7864,1252,129,360,1,Urban,Y
LP101220,Male,Yes,0,Graduate,Yes,2451,1619,68,360,0,Semiurban,N
LP101221,Male,No,1,Graduate,No,5312,1217,132,360,1,Semiurban,Y
LP101222,Female,No,0,Graduate,No,4542,0,69,360,1,Rural,Y
LP101223,Female,No,0,Graduate,No,4955,584,99,360,1,Semiurban,Y
LP101224,Male,Yes,1,Graduate,No,4667,252,119,360,0,Rural,N
LP101225,Female,No,0,Graduate,No,3763,505,146,360,1,Rural,N
LP101226,Male,No,0,Graduate,Yes,1500,164,45,360,1,Rural,N
LP101227,Male,Yes,0,Graduate,No,9024,0,299,300,1,Urban,Y
LP101228,Female,No,0,Graduate,No,6054,825,91,360,1,Semiurban,Y
LP101229,Male,Yes,0,Not Graduate,No,2534,1513,97,360,1,Urban,N
LP101230,Male,Yes,2,Graduate,No,6484,901,173,240,0,Rural,N
LP101231,Female,Yes,3+,Graduate,No,4168,0,104,120,1,Urban,N
LP101232,Male,Yes,0,Graduate,No,4226,0,150,360,0,Rural,N
LP101233,Female,Yes,0,Graduate,Yes,3573,0,89,240,1,Urban,Y
LP101234,Male,Yes,2,Graduate,No,6686,588,133,240,1,Urban,Y
LP101235,Male,Yes,1,Not Graduate,No,3520,1332,88,360,1,Semiurban,N
LP101236,Male,No,0,Graduate,No,3052,1552,155,120,1,Semiurban,Y
LP101237,Male,Yes,0,Graduate,No,8895,0,208,300,1,Urban,N
LP101238,Male,Yes,0,Graduate,No,4742,0,141,360,1,Urban,Y
LP101239,Male,Yes,1,Not Graduate,Yes,4814,3837,210,120,1,Rural,Y
LP101240,Female,No,0,Graduate,No,7204,0,131,360,1,Urban,Y
LP101241,Male,Yes,0,Graduate,No,3750,623,104,240,1,Rural,N
LP101242,Male,No,0,Graduate,No,4127,84,111,360,1,Semiurban,Y
LP101243,Male,Yes,0,Not Graduate,No,5983,431,165,300,0,Semiurban,N
LP101244,Male,Yes,0,Graduate,No,2465,0,101,360,1,Urban,N
LP101245,Male,Yes,1,Not Graduate,No,5745,0,165,360,1,Semiurban,Y
LP101246,Female,Yes,1,Not Graduate,No,3595,1448,185,360,1,Rural,Y
LP101247,Male,No,0,Graduate,No,7790,0,152,360,1,Semiurban,N
LP101248,Female,No,0,Not Graduate,No,6717,217,154,360,1,Rural,N
LP101249,Female,Yes,2,Graduate,No,6304,1190,183,120,0,Semiurban,N
LP101250,Male,No,0,Graduate,No,2389,40,83,360,0,Semiurban,N
LP101251,Male,Yes,0,Graduate,No,4917,0,119,360,1,Urban,Y
LP101252,Male,Yes,0,Not Graduate,No,2936,2823,180,360,1,Rural,N
LP101253,Female,Yes,2,Graduate,No,5076,1606,131,180,1,Rural,Y
LP101254,Male,Yes,2,Graduate,No,1700,0,71,360,0,Semiurban,N
LP101255,Female,No,2,Graduate,No,2466,148,100,360,1,Rural,N
LP101256,Female,Yes,1,Graduate,No,9143,1045,294,360,1,Rural,Y
LP101257,Female,Yes,0,Not Graduate,Yes,6168,0,181,360,0,Semiurban,N
LP101258,Male,Yes,0,Graduate,No,4360,1770,167,300,1,Semiurban,Y
LP101259,Female,Yes,0,Graduate,No,3340,0,102,360,1,Rural,N
LP101260,Male,Yes,1,Not Graduate,Yes,3070,0,97,300,1,Semiurban,N
LP101261,Male,No,1,Not Graduate,No,5688,0,139,360,1,Urban,Y
LP101262,Male,Yes,0,Graduate,No,4381,1357,168,360,1,Semiurban,N
LP101263,Female,Yes,2,Graduate,Yes,10855,705,358,240,1,Rural,Y
LP101264,Male,Yes,0,Graduate,No,4728,3125,185,240,1,Rural,Y
LP101265,Female,Yes,0,Graduate,No,5314,1667,186,360,1,Rural,Y
LP101266,Male,Yes,0,Graduate,No,2653,0,72,360,1,Semiurban,N
LP101267,Female,No,2,Graduate,Yes,4345,333,127,120,1,Urban,Y
LP101268,Male,No,3+,Not Graduate,Yes,5625,426,130,300,1,Rural,Y
LP101269,Male,Yes,1,Graduate,Yes,4320,2731,249,240,1,Rural,N
LP101270,Female,No,3+,Not Graduate,No,4092,407,127,360,1,Semiurban,Y
LP101271,Male,Yes,2,Not Graduate,No,6045,280,213,180,1,Semiurban,N
LP101272,Male,No,2,Graduate,Yes,10691,280,220,360,1,Urban,Y
LP101273,Female,No,2,Graduate,No,5539,499,229,360,1,Rural,N
LP101274,Male,No,0,Graduate,No,8948,132,200,360,1,Rural,N
LP101275,Male,No,2,Not Graduate,No,6963,0,145,360,0,Semiurban,Y
LP101276,Male,Yes,1,Graduate,Yes,8695,2475,389,360,1,Rural,Y
LP101277,Male,Yes,2,Graduate,No,3856,1308,118,360,1,Rural,Y
LP101278,Female,Yes,0,Graduate,No,4678,1026,223,360,1,Semiurban,N
LP101279,Female,Yes,2,Not Graduate,Yes,4688,1970,196,360,1,Semiurban,N
LP101280,Male,No,3+,Graduate,Yes,6716,241,92,360,1,Rural,Y
LP101281,Male,Yes,0,Graduate,Yes,7558,0,189,180,1,Semiurban,N
LP101282,Male,Yes,3+,Graduate,No,5486,0,188,360,1,Semiurban,N
LP101283,Female,Yes,0,Graduate,No,7870,1340,210,180,1,Rural,N
LP101284,Female,Yes,0,Not Graduate,No,3943,331,115,360,1,Urban,N
LP101285,Female,No,0,Not Graduate,No,7903,438,133,240,0,Rural,N
LP101286,Male,No,2,Not Graduate,Yes,8413,753,191,360,1,Urban,N
LP101287,Male,Yes,1,Graduate,No,7152,1848,281,360,1,Urban,N
LP101288,Male,Yes,0,Graduate,No,5510,0,234,360,1,Semiurban,Y
LP101289,Male,Yes,1,Graduate,No,7276,0,164,360,1,Rural,Y
LP101290,Male,Yes,0,Graduate,No,3364,0,109,300,1,Urban,N
LP101291,Female,No,0,Graduate,Yes,5683,1589,111,240,1,Semiurban,Y
LP101292,Male,Yes,2,Not Graduate,No,5968,0,116,120,1,Rural,N
LP101293,Male,Yes,1,Graduate,No,2729,3093,179,360,1,Semiurban,Y
LP101294,Male,Yes,2,Graduate,No,6489,1495,191,300,0,Semiurban,Y
LP101295,Male,No,1,Not Graduate,No,2837,414,74,240,1,Urban,Y
LP101296,Male,No,3+,Graduate,No,4207,0,153,300,1,Urban,Y
LP101297,Male,Yes,0,Graduate,Yes,5266,1401,216,360,1,Urban,Y
LP101298,Female,Yes,0,Not Graduate,No,3638,3886,175,360,1,Urban,Y
LP101299,Male,Yes,0,Graduate,No,5376,1784,256,300,1,Semiurban,Y
LP101300,Male,No,1,Graduate,No,5334,497,141,360,1,Semiurban,Y
LP101301,Male,Yes,1,Graduate,No,3485,1107,90,360,0,Urban,N
LP101302,Female,Yes,2,Not Graduate,No,6786,425,237,300,1,Urban,N
LP101303,Male,No,0,Graduate,No,3580,116,94,300,1,Urban,Y
LP101304,Female,No,0,Graduate,No,15494,0,450,360,0,Urban,N
LP101305,Female,Yes,1,Graduate,No,4902,760,169,240,1,Semiurban,Y
LP101306,Female,Yes,3+,Graduate,Yes,2945,381,122,240,1,Rural,N
LP101307,Female,Yes,0,Not Graduate,Yes,3221,1664,115,360,1,Urban,N
LP101308,Male,Yes,0,Graduate,No,8963,492,173,360,0,Rural,N
LP101309,Female,Yes,0,Graduate,No,4245,2890,250,360,1,Rural,Y
LP101310,Male,No,0,Graduate,No,2685,911,102,360,1,Semiurban,Y
LP101311,Female,No,0,Graduate,No,7784,328,283,360,1,Semiurban,N
LP101312,Male,Yes,0,Graduate,No,4232,0,90,180,1,Semiurban,N
LP101313,Male,Yes,1,Graduate,No,7070,1616,213,360,0,Rural,N
LP101314,Male,Yes,0,Graduate,No,8096,2480,243,240,1,Rural,Y
LP101315,Female,Yes,0,Graduate,Yes,5894,0,134,180,1,Rural,N
LP101316,Male,No,0,Not Graduate,Yes,16318,954,424,360,1,Semiurban,Y
LP101317,Male,Yes,3+,Not Graduate,No,2258,0,77,120,1,Rural,N
LP101318,Female,Yes,0,Graduate,No,3489,0,102,120,0,Urban,N
LP101319,Female,Yes,0,Graduate,No,4569,2360,158,240,1,Rural,Y
LP101320,Male,Yes,0,Graduate,No,15296,2669,450,360,1,Semiurban,Y
LP101321,Male,Yes,1,Graduate,No,12247,1046,450,360,1,Semiurban,N
LP101322,Male,No,2,Graduate,No,9591,67,211,180,0,Semiurban,N
LP101323,Female,No,0,Not Graduate,No,3529,429,166,300,1,Urban,N
LP101324,Male,Yes,0,Not Graduate,No,3732,1302,171,360,1,Rural,Y
LP101325,Female,No,0,Graduate,No,3471,276,69,360,1,Semiurban,N
LP101326,Male,Yes,1,Not Graduate,No,3547,0,93,240,1,Urban,Y
LP101327,Male,No,3+,Graduate,No,10578,0,370,300,0,Rural,N
LP101328,Male,Yes,0,Graduate,No,4596,1592,179,360,1,Urban,N
LP101329,Male,Yes,0,Graduate,No,4898,2072,132,120,1,Urban,Y
LP101330,Female,No,2,Graduate,No,7493,198,197,360,1,Semiurban,N
LP101331,Male,Yes,2,Not Graduate,No,2325,228,78,240,1,Urban,Y
LP101332,Male,Yes,0,Graduate,No,5299,2243,224,360,1,Semiurban,N
LP101333,Female,Yes,0,Graduate,No,3052,755,87,360,1,Semiurban,N
LP101334,Female,Yes,0,Graduate,No,4486,333,101,360,1,Rural,Y
LP101335,Female,Yes,2,Not Graduate,No,3899,1513,201,360,1,Rural,Y
LP101336,Male,Yes,1,Graduate,No,3804,0,102,180,1,Rural,N
LP101337,Female,No,1,Graduate,No,5758,285,219,240,1,Semiurban,Y
LP101338,Female,Yes,2,Graduate,No,5746,0,179,360,0,Semiurban,N
LP101339,Male,Yes,0,Not Graduate,No,4649,0,192,360,1,Rural,N
LP101340,Male,Yes,0,Graduate,No,6173,0,108,360,1,Semiurban,Y
LP101341,Female,No,0,Graduate,No,3405,272,152,300,1,Rural,Y
LP101342,Male,Yes,2,Not Graduate,No,7166,0,260,360,0,Semiurban,N
LP101343,Male,Yes,1,Graduate,No,4680,964,106,240,0,Rural,N
LP101344,Female,Yes,0,Graduate,No,4096,690,106,180,0,Urban,N
LP101345,Female,No,0,Graduate,No,3528,284,170,240,1,Semiurban,N
LP101346,Male,No,2,Graduate,No,4601,1302,206,360,1,Urban,Y
LP101347,Male,Yes,2,Graduate,No,12682,918,364,360,0,Rural,Y
LP101348,Male,No,1,Graduate,No,5012,773,173,360,1,Semiurban,N
LP101349,Male,Yes,0,Graduate,No,2983,0,121,360,1,Urban,N
LP101350,Female,Yes,3+,Graduate,No,8031,0,265,120,1,Rural,Y
LP101351,Female,Yes,2,Graduate,No,4119,2934,175,180,1,Semiurban,Y
LP101352,Male,Yes,1,Not Graduate,No,5921,1008,188,180,1,Rural,N
LP101353,Male,Yes,1,Graduate,No,3863,1118,98,180,1,Rural,N
LP101354,Female,Yes,3+,Graduate,No,9555,0,334,360,1,Semiurban,Y
LP101355,Male,Yes,3+,Graduate,No,3891,764,190,240,1,Rural,N
LP101356,Male,Yes,1,Graduate,Yes,10107,953,229,360,1,Semiurban,Y
LP101357,Male,Yes,0,Graduate,No,3122,2185,124,360,1,Urban,N
LP101358,Female,No,0,Graduate,No,4489,0,120,360,0,Rural,N
LP101359,Male,No,2,Graduate,No,10117,391,180,240,1,Rural,Y
LP101360,Female,Yes,1,Graduate,No,5601,1166,218,360,1,Urban,Y
LP101361,Male,Yes,0,Not Graduate,No,15372,557,450,120,1,Semiurban,N
LP101362,Female,Yes,0,Not Graduate,No,4541,0,98,240,1,Urban,Y
LP101363,Male,Yes,3+,Not Graduate,No,5845,765,102,360,1,Semiurban,N
LP101364,Male,Yes,2,Graduate,No,12893,295,201,300,1,Semiurban,Y
LP101365,Male,Yes,3+,Graduate,No,2498,488,120,360,0,Urban,N
LP101366,Male,No,0,Graduate,No,2354,334,54,360,1,Rural,N
LP101367,Male,No,2,Not Graduate,No,3527,545,122,180,1,Urban,N
LP101368,Male,Yes,2,Not Graduate,No,7634,0,252,360,1,Semiurban,Y
LP101369,Male,Yes,0,Not Graduate,No,2386,0,68,120,0,Urban,N
LP101370,Male,No,0,Graduate,Yes,6881,1639,278,360,0,Rural,Y
LP101371,Female,Yes,3+,Not Graduate,No,6653,4112,186,360,1,Semiurban,Y
LP101372,Male,No,0,Graduate,No,13588,185,308,120,0,Rural,N
LP101373,Female,Yes,1,Not Graduate,Yes,8534,1480,331,300,1,Urban,N
LP101374,Female,Yes,1,Graduate,No,6153,0,223,240,1,Rural,Y
LP101375,Male,Yes,1,Graduate,No,9921,0,265,360,1,Rural,Y
LP101376,Female,Yes,0,Graduate,Yes,6692,899,226,240,0,Urban,N
LP101377,Female,No,2,Not Graduate,No,4143,283,69,360,1,Semiurban,Y
LP101378,Female,Yes,0,Graduate,No,2983,0,100,300,1,Semiurban,Y
LP101379,Male,No,2,Graduate,No,3931,61,90,360,1,Rural,Y
LP101380,Male,Yes,0,Graduate,No,5068,289,122,240,1,Semiurban,N
LP101381,Male,No,1,Graduate,No,5620,0,117,360,0,Rural,N
LP101382,Male,No,2,Not Graduate,No,1854,0,45,360,1,Semiurban,N
LP101383,Female,Yes,0,Graduate,Yes,4650,358,116,240,1,Semiurban,N
LP101384,Female,Yes,0,Graduate,No,5238,0,110,180,1,Semiurban,N
LP101385,Male,No,2,Not Graduate,No,6720,0,155,360,1,Rural,Y
LP101386,Female,Yes,0,Graduate,Yes,11281,0,329,360,1,Rural,Y
LP101387,Male,No,0,Graduate,No,5648,0,230,360,1,Urban,N
LP101388,Female,Yes,0,Graduate,No,3339,1100,113,240,1,Rural,N
LP101389,Male,Yes,3+,Graduate,No,2159,0,56,360,1,Rural,Y
LP101390,Female,Yes,1,Graduate,No,7185,1593,296,360,1,Semiurban,N
LP101391,Female,No,0,Graduate,Yes,3404,380,85,360,0,Semiurban,N
LP101392,Male,No,3+,Graduate,No,7833,0,272,120,1,Urban,N
LP101393,Male,Yes,0,Not Graduate,No,10105,0,161,180,1,Semiurban,Y
LP101394,Female,No,0,Not Graduate,No,2462,825,100,360,0,Urban,N
LP101395,Male,No,0,Not Graduate,No,6740,154,147,360,1,Semiurban,Y
LP101396,Male,Yes,0,Graduate,No,9609,3247,391,360,1,Urban,Y
LP101397,Female,Yes,0,Graduate,Yes,8427,1094,243,360,1,Urban,Y
LP101398,Male,No,1,Not Graduate,No,1889,708,45,120,1,Rural,N
LP101399,Male,No,0,Not Graduate,No,3430,0,98,360,1,Urban,N
LP101400,Male,Yes,1,Graduate,No,2795,0,105,360,0,Urban,N
LP101401,Male,No,0,Graduate,No,6643,230,275,360,1,Semiurban,N
LP101402,Female,Yes,0,Graduate,No,6301,0,179,360,1,Rural,Y
LP101403,Male,No,0,Graduate,No,1500,1014,53,360,0,Rural,N
LP101404,Male,No,1,Graduate,No,4472,0,129,180,1,Semiurban,Y
LP101405,Male,No,2,Graduate,No,7588,180,171,360,1,Semiurban,Y
LP101406,Female,Yes,0,Not Graduate,No,5547,647,232,360,1,Semiurban,N
LP101407,Male,Yes,0,Graduate,No,5543,1791,273,300,1,Semiurban,Y
LP101408,Female,Yes,0,Graduate,No,4336,1836,94,360,1,Semiurban,Y
LP101409,Female,Yes,2,Graduate,No,3108,0,81,300,1,Rural,N
LP101410,Female,No,0,Not Graduate,No,5125,132,156,300,1,Rural,N
LP101411,Female,Yes,2,Not Graduate,No,5298,2444,134,360,0,Rural,N
LP101412,Female,Yes,0,Graduate,No,6942,0,172,360,0,Urban,Y
LP101413,Female,Yes,0,Graduate,Yes,7218,71,189,360,1,Semiurban,Y
LP101414,Male,Yes,2,Graduate,Yes,5384,1679,186,360,1,Urban,N
LP101415,Female,Yes,0,Not Graduate,No,8739,1177,265,360,1,Urban,Y
LP101416,Male,No,0,Graduate,No,4316,169,135,240,1,Urban,Y
LP101417,Male,No,3+,Not Graduate,No,2583,34,60,360,1,Semiurban,N
LP101418,Female,Yes,0,Graduate,No,6496,1133,176,360,1,Urban,Y
LP101419,Female,No,0,Graduate,Yes,5490,0,166,360,1,Urban,Y
LP101420,Female,No,0,Graduate,No,6559,682,184,360,1,Urban,Y
LP101421,Male,Yes,1,Graduate,No,2816,0,63,120,1,Rural,N
LP101422,Male,No,2,Graduate,No,12205,182,220,120,0,Semiurban,Y
LP101423,Male,Yes,0,Graduate,No,7267,0,184,360,1,Rural,Y
LP101424,Male,Yes,3+,Not Graduate,No,4500,2710,200,360,1,Rural,Y
LP101425,Male,Yes,1,Graduate,No,3298,601,94,360,1,Urban,N
LP101426,Male,Yes,3+,Not Graduate,No,8665,0,152,240,1,Urban,Y
LP101427,Male,No,2,Graduate,No,3045,676,101,300,1,Rural,Y
LP101428,Female,No,3+,Graduate,No,15298,0,202,360,1,Rural,Y
LP101429,Male,No,1,Not Graduate,No,3849,107,108,180,1,Urban,N
LP101430,Female,Yes,0,Not Graduate,No,11800,1353,281,360,1,Rural,Y
LP101431,Female,Yes,0,Graduate,No,4729,4110,237,360,1,Rural,Y
LP101432,Male,No,1,Graduate,No,11034,269,378,300,1,Urban,N
LP101433,Male,Yes,0,Graduate,No,3631,506,134,360,1,Urban,Y
LP101434,Male,Yes,2,Graduate,No,5214,0,211,360,1,Semiurban,N
LP101435,Female,Yes,0,Graduate,No,7603,1135,336,240,1,Semiurban,N
LP101436,Male,Yes,2,Graduate,No,7100,2872,136,180,1,Semiurban,Y
LP101437,Male,Yes,0,Graduate,No,8764,1757,175,180,1,Rural,Y
LP101438,Female,Yes,3+,Graduate,No,4089,94,112,360,1,Urban,N
LP101439,Female,Yes,0,Not Graduate,No,5381,108,91,360,0,Urban,N
LP101440,Male,Yes,0,Not Graduate,No,9407,0,284,360,0,Semiurban,N
LP101441,Male,Yes,2,Not Graduate,Yes,3683,0,73,360,1,Rural,Y
LP101442,Male,Yes,2,Graduate,No,6801,1245,204,360,1,Rural,N
LP101443,Male,Yes,2,Graduate,No,4651,0,157,240,1,Rural,N
LP101444,Male,No,3+,Graduate,No,5703,0,154,240,1,Rural,Y
LP101445,Male,Yes,0,Graduate,No,5381,2585,205,360,1,Rural,Y
LP101446,Female,No,2,Graduate,No,3539,203,57,360,1,Urban,Y
LP101447,Male,No,0,Graduate,No,4559,226,178,360,0,Rural,N
LP101448,Female,Yes,1,Graduate,No,5539,1064,247,360,1,Urban,N
LP101449,Male,No,0,Graduate,No,4918,652,130,300,1,Semiurban,Y
LP101450,Female,No,0,Graduate,Yes,10992,0,177,300,1,Urban,Y
LP101451,Female,Yes,1,Graduate,No,8390,927,296,360,1,Urban,N
LP101452,Female,Yes,2,Graduate,No,5938,768,233,360,0,Semiurban,Y
LP101453,Female,Yes,0,Graduate,No,3582,895,136,360,1,Rural,N
LP101454,Male,No,3+,Not Graduate,No,3479,130,121,240,1,Urban,N
LP101455,Male,No,1,Graduate,No,13325,0,285,360,1,Rural,Y
LP101456,Male,No,0,Not Graduate,No,3182,556,128,240,1,Rural,N
LP101457,Male,No,1,Not Graduate,No,5457,48,155,240,1,Rural,Y
LP101458,Female,Yes,0,Graduate,No,6144,0,229,360,1,Urban,Y
LP101459,Male,No,0,Graduate,Yes,4450,258,183,360,1,Rural,Y
LP101460,Female,Yes,1,Graduate,Yes,3194,1654,164,360,1,Semiurban,N
LP101461,Male,No,0,Graduate,No,3545,0,106,180,1,Semiurban,N
LP101462,Male,Yes,0,Graduate,No,3975,1059,180,240,1,Semiurban,N
LP101463,Male,Yes,2,Not Graduate,No,3675,3814,165,360,1,Rural,N
LP101464,Female,No,0,Not Graduate,Yes,9772,990,189,360,1,Urban,Y
LP101465,Female,No,2,Graduate,No,5144,0,153,360,0,Urban,N
LP101466,Male,Yes,2,Graduate,No,4018,1897,109,120,1,Semiurban,N
LP101467,Male,Yes,0,Graduate,No,5439,1675,156,360,1,Semiurban,Y
LP101468,Female,Yes,1,Not Graduate,No,7120,1820,229,120,1,Urban,N
LP101469,Male,No,0,Graduate,No,4379,106,45,240,1,Urban,Y
LP101470,Female,Yes,1,Graduate,No,7966,640,181,360,0,Semiurban,N
LP101471,Male,Yes,0,Not Graduate,No,2807,0,99,180,1,Semiurban,N
LP101472,Male,Yes,3+,Graduate,No,9065,1719,217,360,1,Rural,Y
LP101473,Male,Yes,0,Graduate,No,5145,1958,198,360,1,Rural,N
LP101474,Male,Yes,1,Graduate,No,5049,1905,196,300,1,Rural,N
LP101475,Male,Yes,0,Graduate,Yes,3705,2255,123,300,1,Rural,N
LP101476,Male,No,0,Graduate,No,2866,812,82,360,1,Rural,Y
LP101477,Female,No,0,Graduate,No,2322,883,60,360,0,Urban,Y
LP101478,Male,No,1,Graduate,No,3583,0,138,360,1,Urban,Y
LP101479,Male,Yes,3+,Not Graduate,No,6851,0,209,300,1,Urban,Y
LP101480,Male,Yes,0,Graduate,Yes,3257,5215,211,360,0,Semiurban,N
LP101481,Male,No,0,Not Graduate,No,2457,315,55,360,1,Semiurban,Y
LP101482,Female,No,0,Graduate,Yes,3340,274,118,180,0,Rural,N
LP101483,Male,Yes,0,Not Graduate,No,4295,2925,119,240,1,Urban,N
LP101484,Female,No,2,Graduate,No,4377,0,95,360,1,Rural,N
LP101485,Male,No,3+,Not Graduate,No,4857,57,114,300,0,Semiurban,N
LP101486,Female,No,2,Graduate,No,8482,1598,301,240,1,Urban,N
LP101487,Male,No,0,Graduate,No,9411,140,178,360,1,Urban,Y
LP101488,Female,Yes,0,Graduate,Yes,13529,2184,450,180,1,Rural,Y
LP101489,Male,Yes,2,Graduate,Yes,2369,1822,101,360,1,Urban,Y
LP101490,Male,Yes,0,Not Graduate,No,3426,267,68,360,1,Rural,N
LP101491,Female,Yes,1,Not Graduate,Yes,7225,2205,325,360,1,Rural,Y
LP101492,Female,No,0,Not Graduate,Yes,4155,0,80,300,0,Rural,Y
LP101493,Female,Yes,0,Graduate,No,7810,0,100,120,1,Rural,Y
LP101494,Male,Yes,2,Not Graduate,No,5707,1014,140,360,1,Urban,N
LP101495,Female,No,0,Not Graduate,No,11026,250,346,360,1,Semiurban,Y
LP101496,Female,No,3+,Graduate,No,8523,526,251,240,1,Rural,Y
LP101497,Female,No,0,Graduate,No,8598,425,260,300,1,Urban,Y
LP101498,Male,Yes,0,Graduate,Yes,4240,623,92,360,1,Semiurban,Y
LP101499,Female,No,0,Graduate,No,4931,618,81,180,1,Semiurban,Y
LP101500,Female,Yes,0,Graduate,No,4463,0,123,360,1,Semiurban,N
LP101501,Female,Yes,1,Not Graduate,No,2508,2617,107,360,0,Semiurban,N
LP101502,Male,Yes,0,Graduate,No,10472,0,222,240,0,Semiurban,N
LP101503,Male,No,1,Graduate,No,7389,283,195,360,1,Semiurban,N
LP101504,Female,No,2,Graduate,No,4378,104,141,360,1,Urban,Y
LP101505,Male,Yes,0,Not Graduate,No,9664,1444,275,360,1,Semiurban,Y
LP101506,Female,Yes,0,Not Graduate,No,3818,883,118,360,1,Semiurban,Y
LP101507,Male,No,0,Not Graduate,No,2138,675,84,300,1,Rural,N
LP101508,Male,No,2,Graduate,No,8379,689,154,360,1,Urban,Y
LP101509,Female,Yes,1,Graduate,No,2797,2182,167,180,1,Semiurban,Y
LP101510,Male,No,0,Graduate,No,4703,0,115,360,1,Rural,N
LP101511,Male,No,1,Graduate,No,5704,0,155,360,1,Urban,N
LP101512,Female,No,0,Graduate,No,6217,0,155,180,0,Semiurban,N
LP101513,Female,No,0,Graduate,No,7764,0,244,360,1,Rural,N
LP101514,Female,No,0,Graduate,No,6828,764,254,360,1,Rural,N
LP101515,Male,No,3+,Graduate,Yes,6727,63,147,360,1,Semiurban,N
LP101516,Male,Yes,0,Not Graduate,Yes,3535,0,83,360,1,Urban,Y
LP101517,Female,Yes,0,Graduate,No,5951,3312,311,180,0,Semiurban,N
LP101518,Male,Yes,0,Graduate,No,2508,951,111,240,1,Rural,Y
LP101519,Male,No,1,Graduate,No,10936,68,238,240,1,Semiurban,Y
LP101520,Male,Yes,0,Graduate,Yes,2635,1463,83,360,1,Semiurban,Y
LP101521,Male,No,0,Graduate,No,4375,559,138,360,1,Rural,Y
LP101522,Female,Yes,0,Graduate,No,2743,3994,179,360,1,Urban,Y
LP101523,Female,Yes,1,Graduate,No,3639,2165,199,360,0,Rural,N
LP101524,Female,Yes,0,Graduate,No,5200,154,130,360,1,Urban,Y
LP101525,Male,Yes,3+,Graduate,No,4009,0,103,240,1,Urban,Y
LP101526,Male,Yes,0,Not Graduate,No,8948,336,307,180,1,Rural,N
LP101527,Male,Yes,0,Not Graduate,No,5761,0,181,360,0,Urban,N
LP101528,Male,No,3+,Graduate,No,4137,283,88,240,1,Urban,Y
LP101529,Male,Yes,2,Graduate,No,4846,0,145,360,1,Semiurban,N
LP101530,Male,Yes,0,Graduate,No,9279,331,136,240,1,Semiurban,Y
LP101531,Male,Yes,2,Graduate,No,7992,0,195,360,1,Rural,N
LP101532,Male,Yes,1,Graduate,Yes,2991,2518,171,300,1,Rural,Y
LP101533,Female,Yes,0,Graduate,No,3727,1445,166,360,1,Urban,N
LP101534,Male,No,2,Graduate,Yes,6489,147,225,360,1,Rural,Y
LP101535,Male,No,2,Not Graduate,No,6122,10,160,300,1,Rural,N
LP101536,Female,Yes,0,Graduate,Yes,3121,1052,88,120,1,Semiurban,Y
LP101537,Female,Yes,1,Not Graduate,No,7403,1194,114,360,1,Rural,N
LP101538,Female,Yes,0,Graduate,No,3369,1278,114,180,1,Urban,N
LP101539,Male,Yes,0,Graduate,No,9661,2296,262,180,1,Urban,Y
LP101540,Female,No,3+,Not Graduate,Yes,6662,84,189,360,0,Urban,N
LP101541,Male,Yes,1,Graduate,Yes,3001,1317,179,180,1,Rural,N
LP101542,Male,No,1,Graduate,No,4008,312,73,180,1,Semiurban,Y
LP101543,Male,Yes,1,Not Graduate,No,3975,2847,102,300,1,Urban,Y
LP101544,Male,Yes,1,Graduate,No,5579,1256,128,360,1,Semiurban,Y
LP101545,Male,Yes,0,Graduate,No,4685,1290,197,360,1,Urban,Y
LP101546,Male,Yes,3+,Graduate,No,2981,89,91,240,1,Semiurban,N
LP101547,Female,No,1,Graduate,No,2646,410,53,300,1,Semiurban,Y
LP101548,Male,Yes,1,Graduate,No,6725,2582,202,360,1,Rural,Y
LP101549,Male,No,0,Graduate,No,5928,137,92,360,1,Semiurban,Y
LP101550,Male,No,0,Not Graduate,Yes,5435,827,116,300,1,Rural,Y
LP101551,Male,Yes,0,Graduate,No,5884,293,198,360,1,Urban,Y
LP101552,Male,Yes,0,Graduate,No,3839,692,102,360,1,Semiurban,Y
LP101553,Male,Yes,0,Graduate,No,5644,0,147,240,0,Rural,N
LP101554,Male,Yes,1,Graduate,No,17474,0,284,180,1,Urban,Y
LP101555,Female,No,2,Not Graduate,No,9080,7,138,360,1,Semiurban,Y
LP101556,Female,Yes,0,Graduate,No,4499,0,148,240,1,Rural,Y
LP101557,Male,No,0,Graduate,No,4019,0,132,300,1,Urban,Y
LP101558,Female,No,1,Not Graduate,No,1500,1794,79,360,1,Urban,N
LP101559,Female,Yes,0,Not Graduate,No,8630,0,251,240,0,Semiurban,N
LP101560,Female,No,3+,Not Graduate,No,7537,370,177,240,0,Urban,Y
LP101561,Female,Yes,0,Graduate,No,3980,0,97,300,1,Semiurban,Y
LP101562,Female,No,0,Graduate,No,2599,0,94,360,1,Semiurban,Y
LP101563,Female,Yes,0,Graduate,No,2967,2296,193,360,1,Rural,Y
LP101564,Female,No,3+,Graduate,No,6395,951,257,300,1,Rural,N
LP101565,Male,No,0,Not Graduate,No,4950,428,114,240,1,Semiurban,N
LP101566,Male,No,1,Graduate,No,7201,118,250,360,0,Semiurban,N
LP101567,Male,Yes,0,Graduate,No,5386,175,78,360,1,Urban,Y
LP101568,Male,No,0,Not Graduate,No,8218,716,146,360,1,Semiurban,N
LP101569,Male,Yes,2,Not Graduate,No,6170,1823,174,180,0,Semiurban,N
LP101570,Male,No,0,Graduate,No,7691,0,128,180,1,Urban,Y
LP101571,Male,Yes,0,Not Graduate,No,1895,0,45,240,1,Urban,N
LP101572,Male,Yes,1,Graduate,No,2857,944,101,360,0,Semiurban,N
LP101573,Female,Yes,2,Graduate,No,4338,1652,115,360,1,Urban,N
LP101574,Male,Yes,0,Graduate,No,8675,2881,228,240,1,Urban,Y
LP101575,Male,Yes,0,Not Graduate,No,12742,1806,210,360,1,Rural,Y
LP101576,Female,No,3+,Not Graduate,No,4775,810,96,360,1,Semiurban,N
LP101577,Female,Yes,1,Graduate,No,3852,555,101,360,1,Rural,N
LP101578,Female,No,2,Graduate,No,2022,488,45,360,0,Semiurban,N
LP101579,Female,Yes,2,Graduate,No,7821,1905,193,240,1,Semiurban,Y
LP101580,Female,No,1,Graduate,No,3968,0,101,360,1,Semiurban,N
LP101581,Male,No,0,Not Graduate,No,21375,1281,414,240,0,Urban,Y
LP101582,Male,Yes,0,Graduate,No,3623,4837,268,240,0,Semiurban,N
LP101583,Male,No,2,Not Graduate,No,14193,453,450,240,0,Semiurban,Y
LP101584,Female,No,2,Graduate,No,7400,242,133,360,0,Urban,N
LP101585,Female,No,3+,Graduate,Yes,3154,11,141,180,0,Urban,N
LP101586,Male,Yes,1,Graduate,No,5776,0,138,360,0,Urban,Y
LP101587,Male,Yes,0,Not Graduate,No,7482,862,249,360,1,Rural,Y
LP101588,Male,No,1,Graduate,No,4637,0,149,360,1,Rural,Y
LP101589,Male,Yes,1,Graduate,No,7725,0,192,360,1,Rural,Y
LP101590,Male,No,0,Graduate,No,7644,494,288,360,1,Semiurban,Y
LP101591,Male,Yes,2,Not Graduate,No,6879,0,131,360,1,Rural,Y
LP101592,Female,No,1,Not Graduate,Yes,5126,244,161,360,1,Urban,N
LP101593,Male,Yes,0,Not Graduate,No,2940,1680,162,360,1,Semiurban,N
LP101594,Female,Yes,1,Graduate,No,4980,1233,189,360,1,Semiurban,Y
LP101595,Female,No,1,Not Graduate,No,5622,715,149,240,1,Rural,Y
LP101596,Male,No,3+,Graduate,No,2100,17,90,360,1,Semiurban,N
LP101597,Male,No,0,Graduate,No,5604,7,198,360,1,Semiurban,N
LP101598,Female,No,1,Graduate,No,4932,0,99,360,1,Urban,Y
LP101599,Male,Yes,0,Graduate,No,2773,5047,244,300,1,Rural,N
LP101600,Female,Yes,1,Not Graduate,No,4404,1864,165,300,1,Urban,Y
LP101601,Male,Yes,0,Not Graduate,No,4448,1430,129,360,1,Rural,Y
LP101602,Female,Yes,2,Graduate,No,13049,754,446,360,0,Rural,N
LP101603,Female,Yes,3+,Graduate,No,5743,769,88,300,1,Urban,N
LP101604,Male,No,1,Not Graduate,No,8496,611,273,360,0,Rural,N
LP101605,Male,Yes,1,Not Graduate,Yes,4883,1149,198,360,0,Rural,N
LP101606,Female,Yes,0,Not Graduate,No,2102,0,112,120,0,Semiurban,N
LP101607,Male,Yes,1,Graduate,No,7135,1921,102,360,0,Semiurban,N
LP101608,Male,Yes,0,Graduate,Yes,3767,2854,150,180,1,Rural,N
LP101609,Male,Yes,2,Not Graduate,No,4398,2301,166,360,1,Rural,Y
LP101610,Male,No,0,Not Graduate,Yes,3117,422,77,240,1,Rural,N
LP101611,Female,Yes,2,Not Graduate,No,5350,685,219,240,1,Semiurban,N
LP101612,Female,Yes,0,Graduate,No,8615,3140,380,360,1,Rural,Y
LP101613,Male,No,1,Graduate,No,8085,0,268,180,0,Urban,N
LP101614,Female,Yes,1,Graduate,No,11063,0,271,360,1,Urban,N
LP101615,Male,No,0,Not Graduate,No,11842,55,422,360,1,Rural,Y
LP101616,Male,Yes,0,Graduate,No,1935,3201,149,240,0,Semiurban,Y
LP101617,Male,Yes,2,Graduate,No,2913,0,76,360,1,Rural,Y
LP101618,Female,Yes,1,Not Graduate,No,2169,1086,45,240,1,Rural,Y
LP101619,Male,No,0,Not Graduate,No,6998,310,230,360,1,Rural,Y
LP101620,Male,No,0,Graduate,No,3705,1189,129,360,1,Urban,Y
LP101621,Male,Yes,0,Not Graduate,No,4085,4714,154,360,1,Semiurban,Y
LP101622,Female,Yes,1,Graduate,Yes,4657,1178,166,300,1,Semiurban,Y
LP101623,Male,No,1,Graduate,No,6208,2,216,360,1,Semiurban,Y
LP101624,Male,No,0,Graduate,No,2533,0,72,360,1,Urban,N
LP101625,Female,Yes,1,Graduate,No,2824,279,107,360,1,Semiurban,Y
LP101626,Male,No,2,Not Graduate,No,5170,245,189,360,1,Rural,N
LP101627,Male,No,2,Not Graduate,No,9186,715,307,300,1,Urban,Y
LP101628,Male,No,0,Graduate,Yes,5104,0,96,300,1,Semiurban,Y
LP101629,Male,Yes,0,Not Graduate,No,3533,0,51,360,0,Semiurban,Y
LP101630,Male,Yes,0,Graduate,No,1842,0,63,240,1,Semiurban,N
LP101631,Female,No,0,Graduate,Yes,8162,7,275,360,1,Semiurban,N
LP101632,Female,Yes,0,Not Graduate,No,3629,0,92,240,1,Rural,Y
LP101633,Female,Yes,0,Graduate,No,2979,1180,57,120,1,Rural,Y
LP101634,Female,Yes,0,Graduate,No,2268,1804,77,300,0,Semiurban,N
LP101635,Male,Yes,1,Graduate,No,2590,1100,108,180,0,Semiurban,N
LP101636,Male,No,0,Graduate,No,3257,95,119,360,1,Urban,N
LP101637,Female,Yes,2,Not Graduate,No,4607,2001,160,360,1,Urban,Y
LP101638,Male,No,0,Graduate,No,2892,662,83,180,1,Urban,N
LP101639,Female,Yes,1,Graduate,No,5648,335,156,240,1,Urban,N
LP101640,Female,Yes,0,Graduate,No,4590,3168,270,120,1,Urban,N
LP101641,Male,Yes,2,Not Graduate,No,15011,1356,382,360,1,Rural,Y
LP101642,Male,No,2,Graduate,Yes,2280,113,45,240,0,Semiurban,N
LP101643,Male,Yes,0,Graduate,No,5583,2636,162,360,1,Semiurban,Y
LP101644,Male,Yes,1,Graduate,Yes,5617,733,231,360,0,Semiurban,N
LP101645,Male,No,0,Graduate,No,3151,16,45,300,1,Rural,N
LP101646,Male,Yes,1,Graduate,No,5408,0,67,120,0,Semiurban,N
LP101647,Female,Yes,0,Graduate,No,7476,0,186,300,0,Semiurban,N
LP101648,Female,Yes,0,Graduate,No,5412,687,154,300,1,Semiurban,Y
LP101649,Female,No,0,Graduate,No,10042,400,363,300,1,Urban,Y
LP101650,Male,Yes,2,Not Graduate,Yes,1817,0,82,360,1,Semiurban,N
LP101651,Male,Yes,0,Graduate,No,3449,188,80,240,1,Semiurban,Y
LP101652,Male,Yes,1,Graduate,No,10488,1376,377,240,1,Semiurban,N
LP101653,Male,Yes,0,Graduate,No,8005,620,261,360,0,Semiurban,N
LP101654,Female,Yes,0,Graduate,Yes,6697,0,183,360,1,Rural,Y
LP101655,Male,Yes,0,Not Graduate,No,9339,4567,262,360,0,Semiurban,N
LP101656,Male,Yes,3+,Not Graduate,No,2059,0,72,360,1,Semiurban,N
LP101657,Female,Yes,2,Not Graduate,No,7570,714,301,180,1,Semiurban,Y
LP101658,Male,No,0,Graduate,Yes,8612,0,111,360,1,Rural,Y
LP101659,Male,Yes,2,Graduate,No,3766,1788,151,360,1,Urban,N
LP101660,Male,Yes,0,Graduate,No,18252,0,450,360,1,Urban,Y
LP101661,Female,No,0,Not Graduate,No,5677,0,133,240,1,Semiurban,Y
LP101662,Female,No,1,Graduate,No,1803,865,80,300,1,Semiurban,N
LP101663,Male,No,0,Not Graduate,No,6204,89,79,360,1,Semiurban,Y
LP101664,Female,Yes,0,Graduate,No,3657,0,108,180,1,Urban,N
LP101665,Female,Yes,1,Graduate,No,9038,1722,304,360,1,Semiurban,Y
LP101666,Female,Yes,0,Not Graduate,Yes,6721,0,121,120,1,Urban,Y
LP101667,Male,Yes,2,Graduate,Yes,3878,0,105,360,1,Urban,Y
LP101668,Male,Yes,1,Graduate,Yes,10627,0,261,240,1,Semiurban,Y
LP101669,Female,Yes,2,Graduate,Yes,8111,713,326,360,1,Semiurban,N
LP101670,Male,Yes,1,Not Graduate,No,3472,2856,101,360,1,Semiurban,Y
LP101671,Female,Yes,2,Graduate,Yes,4803,0,130,360,1,Semiurban,Y
LP101672,Female,Yes,0,Not Graduate,Yes,6622,349,189,300,1,Semiurban,N
LP101673,Male,Yes,1,Graduate,No,4338,0,73,360,1,Urban,Y
LP101674,Female,No,1,Graduate,No,4401,0,75,300,0,Rural,N
LP101675,Female,No,3+,Graduate,No,5259,620,231,300,1,Rural,N
LP101676,Female,Yes,0,Graduate,No,3098,1268,139,240,1,Rural,Y
LP101677,Male,Yes,1,Not Graduate,No,1769,1425,45,300,1,Urban,N
LP101678,Female,Yes,2,Not Graduate,No,5795,0,178,360,0,Semiurban,N
LP101679,Male,Yes,0,Not Graduate,No,1989,0,97,240,1,Semiurban,N
LP101680,Female,No,2,Not Graduate,No,3208,270,160,360,0,Semiurban,N
LP101681,Female,Yes,0,Graduate,No,2208,957,83,360,0,Semiurban,Y
LP101682,Female,Yes,0,Graduate,Yes,2342,982,118,360,1,Urban,N
LP101683,Male,Yes,1,Not Graduate,No,6340,0,120,120,1,Urban,Y
LP101684,Male,Yes,0,Graduate,No,4644,623,95,360,1,Urban,Y
LP101685,Male,Yes,0,Not Graduate,No,4564,0,101,360,0,Urban,N
LP101686,Male,Yes,0,Graduate,Yes,2747,3690,169,300,0,Rural,Y
LP101687,Male,No,0,Graduate,Yes,3771,754,148,240,0,Rural,N
LP101688,Female,Yes,2,Graduate,No,6190,0,122,300,0,Semiurban,N
LP101689,Male,Yes,2,Graduate,No,5039,729,189,300,1,Semiurban,N
LP101690,Female,Yes,1,Graduate,No,7669,769,300,180,1,Rural,Y
LP101691,Female,Yes,0,Graduate,No,8211,678,134,240,1,Urban,N
LP101692,Male,Yes,1,Graduate,No,4578,1223,148,360,1,Rural,N
LP101693,Female,Yes,2,Graduate,No,2124,5542,267,360,1,Rural,N
LP101694,Female,No,2,Graduate,No,3593,0,111,240,1,Semiurban,N
LP101695,Male,Yes,0,Graduate,No,4930,1314,226,360,1,Urban,N
LP101696,Male,Yes,0,Graduate,No,3559,1400,158,240,1,Urban,Y
LP101697,Female,Yes,3+,Not Graduate,No,3114,855,61,180,1,Semiurban,N
LP101698,Female,Yes,2,Graduate,No,5343,1396,183,240,1,Urban,N
LP101699,Female,Yes,0,Graduate,No,16590,0,377,240,1,Urban,Y
LP101700,Female,No,2,Graduate,No,4087,0,117,360,1,Semiurban,Y
LP101701,Female,Yes,0,Graduate,No,5160,0,181,180,1,Urban,Y
LP101702,Male,Yes,0,Graduate,Yes,2752,2582,174,360,1,Rural,N
LP101703,Female,No,2,Graduate,No,9385,279,199,360,1,Semiurban,N
LP101704,Male,Yes,1,Graduate,No,7863,2550,285,300,1,Rural,Y
LP101705,Female,Yes,0,Graduate,No,7606,5140,317,360,1,Semiurban,N
LP101706,Male,Yes,3+,Graduate,No,9924,2973,311,360,1,Semiurban,N
LP101707,Male,No,2,Graduate,Yes,4209,68,142,360,1,Rural,Y
LP101708,Female,Yes,0,Graduate,No,4469,796,112,240,1,Semiurban,Y
LP101709,Male,No,1,Graduate,No,11740,537,368,360,0,Semiurban,Y
LP101710,Female,No,2,Graduate,No,7000,190,271,180,1,Semiurban,Y
LP101711,Male,No,1,Not Graduate,No,1781,1684,80,120,1,Rural,N
LP101712,Female,No,3+,Graduate,Yes,6427,39,225,360,0,Rural,N
LP101713,Female,No,1,Graduate,No,3908,194,173,240,1,Semiurban,Y
LP101714,Male,No,0,Graduate,No,7952,142,153,300,1,Urban,Y
LP101715,Female,No,0,Graduate,No,6285,297,126,240,1,Urban,Y
LP101716,Male,No,2,Graduate,No,2241,108,67,360,1,Semiurban,N
LP101717,Female,No,3+,Not Graduate,No,5878,0,151,300,1,Urban,N
LP101718,Female,No,0,Not Graduate,Yes,5716,242,124,240,1,Semiurban,Y
LP101719,Female,Yes,0,Graduate,No,6152,2009,188,360,1,Urban,N
LP101720,Male,No,2,Graduate,No,6811,0,187,240,1,Rural,N
LP101721,Male,Yes,0,Not Graduate,Yes,10594,1075,213,240,0,Semiurban,Y
LP101722,Female,No,0,Graduate,No,6302,0,202,360,1,Semiurban,N
LP101723,Male,Yes,2,Graduate,No,5224,2240,108,360,0,Semiurban,Y
LP101724,Male,No,2,Not Graduate,No,8964,0,239,360,1,Rural,Y
LP101725,Male,No,2,Graduate,No,15162,0,298,180,1,Rural,Y
LP101726,Male,No,1,Graduate,No,8016,654,154,300,1,Semiurban,Y
LP101727,Female,Yes,0,Graduate,No,5704,0,73,360,1,Urban,N
LP101728,Male,No,3+,Graduate,No,6359,1637,241,240,1,Urban,N
LP101729,Male,No,0,Graduate,Yes,5842,237,139,360,1,Rural,Y
LP101730,Female,No,0,Graduate,No,5213,686,169,360,1,Urban,N
LP101731,Male,No,2,Graduate,No,14607,0,450,360,1,Semiurban,N
LP101732,Female,Yes,1,Graduate,Yes,3606,0,102,300,1,Urban,Y
LP101733,Male,Yes,2,Graduate,No,8994,0,158,360,1,Rural,Y
LP101734,Female,Yes,0,Not Graduate,No,4864,1070,193,300,1,Urban,Y
LP101735,Female,No,3+,Graduate,No,2539,466,51,360,1,Urban,N
LP101736,Female,Yes,1,Not Graduate,No,4720,1274,171,240,1,Urban,Y
LP101737,Male,No,1,Graduate,No,3974,0,127,360,1,Urban,N
LP101738,Male,No,3+,Graduate,No,6817,0,143,300,1,Semiurban,Y
LP101739,Female,Yes,0,Graduate,No,5398,0,71,120,0,Urban,Y
LP101740,Male,Yes,2,Graduate,No,3163,0,102,300,1,Semiurban,N
LP101741,Male,Yes,1,Graduate,No,10468,3124,359,240,1,Semiurban,Y
LP101742,Male,No,2,Not Graduate,No,8719,0,169,360,0,Urban,N
LP101743,Female,Yes,2,Not Graduate,No,11062,1173,353,360,1,Rural,Y
LP101744,Female,Yes,1,Not Graduate,No,5789,0,131,360,1,Semiurban,Y
LP101745,Female,No,0,Graduate,No,5079,7,203,360,1,Urban,N
LP101746,Female,Yes,0,Graduate,No,7242,387,241,240,1,Rural,Y
LP101747,Male,No,3+,Graduate,Yes,3916,0,98,300,1,Rural,Y
LP101748,Male,Yes,3+,Graduate,No,5500,694,158,240,0,Semiurban,N
LP101749,Male,Yes,3+,Not Graduate,No,4749,0,78,360,1,Urban,Y
LP101750,Female,Yes,0,Not Graduate,Yes,2562,2820,185,360,1,Urban,N
LP101751,Male,Yes,0,Graduate,Yes,5493,1154,138,240,1,Rural,Y
LP101752,Female,Yes,2,Not Graduate,No,4181,362,96,120,1,Semiurban,Y
LP101753,Female,No,2,Not Graduate,No,4599,498,181,180,0,Semiurban,N
LP101754,Male,Yes,0,Graduate,No,6153,0,106,360,0,Semiurban,N
LP101755,Male,Yes,1,Not Graduate,No,9517,1125,192,120,0,Semiurban,Y
LP101756,Male,Yes,0,Graduate,No,3438,1108,161,300,1,Urban,Y
LP101757,Female,Yes,1,Graduate,No,4396,2143,209,180,0,Semiurban,Y
LP101758,Female,No,0,Graduate,No,3579,832,131,180,1,Rural,N
LP101759,Female,Yes,0,Graduate,No,3469,0,49,360,1,Semiurban,Y
LP101760,Male,No,0,Graduate,Yes,3884,1667,137,360,1,Semiurban,Y
LP101761,Male,Yes,3+,Not Graduate,No,4702,2156,204,240,1,Semiurban,N
LP101762,Male,Yes,2,Graduate,No,6845,0,182,240,1,Rural,N
LP101763,Male,Yes,3+,Graduate,No,6026,990,249,240,1,Rural,N
LP101764,Male,Yes,0,Graduate,No,3111,3025,132,360,0,Urban,N
LP101765,Male,No,0,Graduate,No,9616,1465,247,360,1,Rural,Y
LP101766,Female,Yes,0,Not Graduate,No,8130,0,282,360,1,Semiurban,Y
LP101767,Male,Yes,1,Graduate,No,3352,4051,148,360,1,Urban,N
LP101768,Male,No,0,Not Graduate,No,9298,0,300,360,1,Rural,N
LP101769,Female,No,2,Graduate,No,6045,306,151,120,1,Rural,Y
LP101770,Female,No,2,Graduate,No,4793,303,142,240,1,Semiurban,Y
LP101771,Female,No,2,Graduate,No,6136,0,83,300,1,Semiurban,Y
LP101772,Female,No,0,Graduate,No,5103,185,131,360,1,Semiurban,N
LP101773,Female,No,1,Not Graduate,No,6712,0,214,180,0,Semiurban,Y
LP101774,Female,No,0,Graduate,No,5653,373,199,360,0,Rural,N
LP101775,Male,Yes,0,Graduate,No,4394,1844,142,360,1,Rural,Y
LP101776,Female,No,2,Graduate,No,1954,0,63,360,1,Rural,Y
LP101777,Male,Yes,1,Not Graduate,No,6654,675,162,360,1,Semiurban,N
LP101778,Male,No,2,Graduate,No,4318,391,142,360,1,Semiurban,Y
LP101779,Male,No,0,Graduate,No,7506,0,134,360,1,Urban,N
LP101780,Male,Yes,3+,Not Graduate,No,6511,1885,133,360,1,Rural,Y
LP101781,Female,No,3+,Graduate,No,4373,460,124,300,1,Semiurban,N
LP101782,Male,No,0,Graduate,No,8443,139,159,360,1,Semiurban,Y
LP101783,Male,Yes,2,Graduate,No,5701,1183,213,360,0,Urban,Y
LP101784,Male,Yes,0,Graduate,No,5589,0,140,360,1,Semiurban,Y
LP101785,Female,No,2,Not Graduate,No,4835,0,97,360,1,Rural,N
LP101786,Male,No,2,Graduate,No,11592,0,140,240,0,Semiurban,Y
LP101787,Female,Yes,2,Not Graduate,No,3669,0,101,360,1,Semiurban,Y
LP101788,Female,Yes,2,Graduate,No,4425,1702,195,300,1,Urban,N
LP101789,Male,No,0,Graduate,Yes,2853,21,88,360,1,Rural,Y
LP101790,Female,Yes,2,Graduate,No,7323,1406,282,360,1,Urban,Y
LP101791,Male,Yes,1,Graduate,No,3907,1007,124,360,1,Semiurban,N
LP101792,Male,Yes,0,Graduate,No,4123,1229,92,240,1,Semiurban,Y
LP101793,Female,Yes,0,Graduate,No,4031,984,88,360,1,Rural,N
LP101794,Female,Yes,2,Graduate,No,5325,1420,255,240,1,Semiurban,Y
LP101795,Male,No,1,Not Graduate,No,2835,0,54,240,1,Urban,Y
LP101796,Male,No,1,Graduate,No,1760,0,65,180,1,Semiurban,N
LP101797,Male,No,3+,Not Graduate,No,6436,774,193,360,1,Semiurban,N
LP101798,Male,Yes,1,Graduate,No,1873,2226,104,180,1,Rural,Y
LP101799,Female,Yes,0,Graduate,No,7785,2421,275,300,1,Rural,Y
LP101800,Female,Yes,0,Graduate,No,10917,0,310,360,0,Urban,N
LP101801,Female,Yes,1,Not Graduate,No,4775,1498,232,360,1,Semiurban,N
LP101802,Male,Yes,2,Graduate,No,9641,0,253,360,1,Urban,Y
LP101803,Female,Yes,1,Graduate,No,5107,840,152,360,1,Urban,N
LP101804,Female,Yes,1,Graduate,No,11133,1463,255,240,1,Semiurban,Y
LP101805,Female,Yes,2,Graduate,Yes,4151,673,175,360,1,Semiurban,N
LP101806,Male,No,2,Not Graduate,No,1660,179,45,300,1,Semiurban,N
LP101807,Male,No,2,Graduate,No,4972,117,115,360,1,Semiurban,Y
LP101808,Male,No,0,Not Graduate,No,11729,227,438,240,0,Rural,N
LP101809,Male,No,2,Graduate,No,6679,0,248,360,1,Urban,N
LP101810,Male,Yes,1,Graduate,No,4035,0,137,360,1,Urban,Y
LP101811,Male,Yes,0,Graduate,No,6050,1095,182,360,1,Semiurban,Y
LP101812,Female,Yes,1,Graduate,No,8235,412,141,240,1,Urban,Y
LP101813,Male,Yes,2,Graduate,No,4959,1162,197,360,1,Urban,Y
LP101814,Female,Yes,1,Graduate,Yes,18227,0,258,180,1,Semiurban,Y
LP101815,Male,Yes,2,Graduate,No,4030,0,74,360,1,Urban,Y
LP101816,Female,Yes,0,Graduate,No,8360,2057,238,240,1,Semiurban,Y
LP101817,Male,Yes,0,Graduate,No,7448,1802,325,300,1,Rural,N
LP101818,Male,No,0,Not Graduate,No,3693,258,139,360,1,Rural,N
LP101819,Female,No,0,Graduate,Yes,4214,0,149,360,1,Semiurban,N
LP101820,Female,No,1,Graduate,No,8423,0,243,360,1,Urban,N
LP101821,Male,No,2,Graduate,Yes,5539,709,74,360,1,Semiurban,Y
LP101822,Male,Yes,2,Graduate,No,6077,392,92,180,0,Urban,Y
LP101823,Female,Yes,0,Graduate,No,2356,3783,151,360,1,Semiurban,N
LP101824,Female,No,0,Not Graduate,No,7079,125,129,300,0,Urban,N
LP101825,Male,Yes,0,Graduate,No,5931,1801,252,360,1,Rural,Y
LP101826,Male,Yes,1,Not Graduate,Yes,5011,0,97,240,1,Semiurban,N
LP101827,Male,Yes,0,Graduate,No,6144,1035,266,300,1,Rural,N
LP101828,Female,No,1,Not Graduate,No,4245,428,120,360,1,Rural,N
LP101829,Male,No,2,Graduate,No,3889,0,139,360,1,Rural,N
LP101830,Male,Yes,1,Not Graduate,No,4600,2285,229,360,1,Rural,N
LP101831,Female,No,0,Graduate,No,4135,0,92,360,1,Rural,Y
LP101832,Male,Yes,0,Graduate,No,14715,4499,379,180,1,Semiurban,Y
LP101833,Male,Yes,1,Graduate,No,8004,1041,298,300,0,Semiurban,N
LP101834,Male,Yes,1,Graduate,Yes,3246,1604,101,240,1,Rural,N
LP101835,Male,Yes,0,Graduate,No,13731,712,236,360,0,Urban,Y
LP101836,Male,No,2,Graduate,No,4197,242,133,240,0,Semiurban,N
LP101837,Male,Yes,1,Graduate,No,5240,1883,247,360,1,Urban,N
LP101838,Female,No,0,Not Graduate,Yes,7949,537,110,240,1,Semiurban,Y
LP101839,Female,Yes,0,Graduate,Yes,2007,0,52,180,1,Rural,Y
LP101840,Male,No,0,Not Graduate,No,4611,164,91,360,1,Urban,Y
LP101841,Male,No,0,Graduate,No,3924,0,141,240,0,Urban,N
LP101842,Male,No,0,Graduate,No,5701,801,237,120,0,Semiurban,N
LP101843,Female,Yes,1,Graduate,No,6171,481,134,360,1,Semiurban,N
LP101844,Male,No,0,Graduate,No,4979,135,163,360,1,Semiurban,N
LP101845,Female,Yes,2,Graduate,No,4869,4246,307,240,1,Semiurban,Y
LP101846,Male,No,3+,Graduate,No,8615,104,173,300,1,Urban,N
LP101847,Female,No,0,Graduate,No,5971,448,190,240,1,Semiurban,N
LP101848,Male,Yes,0,Graduate,No,5271,1092,241,360,1,Rural,Y
LP101849,Female,Yes,2,Graduate,No,5547,808,220,300,1,Rural,N
LP101850,Male,Yes,3+,Graduate,No,12472,0,287,360,1,Rural,Y
LP101851,Female,Yes,2,Not Graduate,No,5613,1154,133,360,1,Rural,Y
LP101852,Male,Yes,0,Graduate,No,4036,0,86,360,0,Semiurban,N
LP101853,Female,Yes,0,Graduate,No,2067,0,56,360,1,Urban,Y
LP101854,Female,Yes,0,Graduate,No,2596,0,73,360,1,Rural,N
LP101855,Female,Yes,2,Not Graduate,No,4129,513,110,360,1,Semiurban,Y
LP101856,Male,No,1,Graduate,No,4905,237,176,240,1,Rural,Y
LP101857,Male,Yes,1,Graduate,No,3957,1403,164,300,1,Semiurban,N
LP101858,Male,No,1,Not Graduate,No,6115,10,131,360,1,Semiurban,Y
LP101859,Male,Yes,0,Not Graduate,No,3933,628,135,240,1,Semiurban,N
LP101860,Female,Yes,1,Graduate,No,3331,0,63,180,1,Urban,Y
LP101861,Female,Yes,0,Graduate,No,6933,983,159,300,1,Urban,N
LP101862,Female,No,1,Graduate,No,9970,785,366,180,1,Urban,N
LP101863,Male,Yes,2,Graduate,Yes,3037,622,56,240,1,Urban,Y
LP101864,Female,No,1,Not Graduate,No,5808,116,100,360,1,Semiurban,Y
LP101865,Female,Yes,0,Graduate,No,2071,1647,115,360,1,Semiurban,N
LP101866,Female,Yes,2,Graduate,No,2546,2375,166,240,0,Semiurban,N
LP101867,Male,Yes,2,Graduate,No,3895,4093,265,360,1,Urban,Y
LP101868,Male,No,0,Graduate,No,8908,207,125,120,1,Rural,Y
LP101869,Female,Yes,0,Graduate,Yes,3555,0,70,360,0,Rural,Y
LP101870,Male,Yes,1,Graduate,No,3492,0,88,360,1,Rural,N
LP101871,Male,Yes,0,Graduate,No,5257,185,102,360,0,Semiurban,Y
LP101872,Female,Yes,0,Graduate,No,5260,856,226,360,1,Urban,N
LP101873,Female,Yes,0,Graduate,No,3544,2208,76,360,1,Rural,Y
LP101874,Female,No,0,Graduate,No,13405,362,415,300,0,Semiurban,N
LP101875,Female,Yes,0,Graduate,No,4549,1538,96,300,1,Semiurban,Y
LP101876,Male,Yes,1,Graduate,No,5456,786,165,360,1,Urban,Y
LP101877,Male,No,0,Not Graduate,Yes,4261,561,84,360,1,Rural,Y
LP101878,Male,Yes,2,Not Graduate,No,6382,557,102,360,1,Rural,Y
LP101879,Male,Yes,0,Not Graduate,No,9347,1048,186,360,1,Semiurban,N
LP101880,Male,No,0,Graduate,No,11482,156,382,180,1,Semiurban,Y
LP101881,Female,No,0,Graduate,No,3584,980,156,360,0,Urban,N
LP101882,Male,No,2,Graduate,No,8764,0,227,360,1,Semiurban,Y
LP101883,Female,Yes,3+,Graduate,No,6727,0,145,300,1,Urban,Y
LP101884,Male,No,1,Graduate,No,8248,1127,320,360,1,Semiurban,Y
LP101885,Male,Yes,0,Graduate,Yes,4944,1410,213,360,1,Semiurban,Y
LP101886,Male,No,0,Graduate,No,4723,312,139,360,1,Urban,N
LP101887,Male,No,0,Graduate,No,8096,388,255,360,1,Rural,Y
LP101888,Female,No,2,Graduate,No,8170,761,298,300,0,Urban,N
LP101889,Male,Yes,0,Graduate,Yes,10955,546,389,360,1,Rural,N
LP101890,Male,Yes,3+,Graduate,No,5683,0,208,180,1,Semiurban,Y
LP101891,Female,No,1,Not Graduate,No,4908,0,141,360,1,Rural,N
LP101892,Male,Yes,1,Graduate,No,1586,919,55,120,1,Semiurban,N
LP101893,Male,Yes,2,Graduate,Yes,2384,1271,94,360,1,Urban,N
LP101894,Male,No,0,Graduate,No,4276,0,110,360,1,Rural,N
LP101895,Male,No,2,Graduate,No,3046,0,69,180,1,Rural,N
LP101896,Female,Yes,0,Graduate,No,7637,631,187,180,1,Semiurban,Y
LP101897,Male,Yes,2,Graduate,No,2755,1359,90,360,1,Rural,Y
LP101898,Male,Yes,1,Not Graduate,No,4062,1643,198,240,0,Semiurban,N
LP101899,Male,Yes,0,Graduate,Yes,4139,3012,199,360,1,Urban,N
LP101900,Female,Yes,2,Graduate,No,9212,0,344,240,1,Rural,N
LP101901,Male,No,0,Graduate,No,3859,55,58,300,0,Semiurban,N
LP101902,Female,No,0,Not Graduate,No,6420,0,85,240,1,Semiurban,Y
LP101903,Male,Yes,2,Graduate,No,5676,0,165,180,1,Rural,N
LP101904,Female,Yes,0,Not Graduate,No,7971,1942,234,240,1,Rural,Y
LP101905,Male,No,2,Graduate,No,7771,1023,169,360,1,Urban,Y
LP101906,Male,No,1,Graduate,No,5084,4,199,360,0,Semiurban,N
LP101907,Male,No,1,Not Graduate,No,2289,123,64,360,1,Urban,N
LP101908,Female,Yes,0,Graduate,No,4623,2471,175,300,1,Semiurban,N
LP101909,Female,No,0,Graduate,Yes,5117,0,195,240,1,Semiurban,N
LP101910,Male,Yes,3+,Not Graduate,No,5927,2615,222,120,1,Urban,N
LP101911,Male,Yes,0,Graduate,No,3626,569,107,360,0,Urban,Y
LP101912,Female,No,1,Graduate,Yes,8934,0,145,120,1,Urban,Y
LP101913,Male,Yes,0,Not Graduate,No,5201,1570,171,120,0,Rural,N
LP101914,Male,Yes,0,Not Graduate,No,3321,0,45,360,1,Urban,Y
LP101915,Male,Yes,1,Not Graduate,No,4147,0,130,240,0,Urban,N
LP101916,Female,Yes,2,Not Graduate,No,13039,5344,450,360,0,Urban,Y
LP101917,Female,Yes,2,Graduate,No,7107,0,293,360,1,Semiurban,N
LP101918,Female,No,2,Not Graduate,No,8546,22,255,360,0,Urban,N
LP101919,Female,Yes,0,Graduate,Yes,3134,995,57,300,1,Semiurban,N
LP101920,Male,Yes,0,Graduate,No,3712,1781,180,360,1,Urban,Y
LP101921,Male,No,0,Graduate,No,3725,247,133,300,1,Urban,Y
LP101922,Male,Yes,2,Not Graduate,No,5645,1000,197,180,1,Urban,N
LP101923,Male,No,0,Graduate,No,4753,348,119,240,0,Urban,N
LP101924,Male,Yes,1,Not Graduate,No,4085,2141,194,120,1,Rural,N
LP101925,Male,Yes,0,Graduate,Yes,4338,2058,250,360,1,Semiurban,Y
LP101926,Male,Yes,2,Graduate,No,3529,2851,126,360,0,Semiurban,Y
LP101927,Female,No,2,Graduate,No,4739,755,149,360,1,Urban,Y
LP101928,Male,Yes,2,Graduate,No,8816,0,222,240,1,Urban,Y
LP101929,Male,No,0,Graduate,No,2499,75,54,180,0,Urban,Y
LP101930,Female,Yes,3+,Graduate,No,6102,0,102,240,1,Urban,Y
LP101931,Female,Yes,0,Graduate,No,10021,0,293,360,0,Semiurban,Y
LP101932,Female,Yes,0,Graduate,No,4732,1577,135,300,1,Rural,N
LP101933,Female,Yes,0,Graduate,No,4008,2547,82,300,1,Semiurban,Y
LP101934,Female,Yes,0,Graduate,Yes,8052,0,217,180,1,Urban,Y
LP101935,Male,Yes,1,Graduate,No,3221,1072,132,360,1,Semiurban,N
LP101936,Male,Yes,0,Graduate,No,5111,1599,141,300,1,Urban,Y
LP101937,Female,No,0,Graduate,No,3137,0,130,180,1,Urban,N
LP101938,Male,Yes,1,Graduate,No,2106,2178,135,360,1,Semiurban,Y
LP101939,Male,Yes,2,Graduate,No,4803,2603,276,360,1,Urban,N
LP101940,Male,Yes,1,Graduate,Yes,2817,2645,141,360,1,Semiurban,Y
LP101941,Male,Yes,1,Graduate,No,5138,0,122,360,1,Semiurban,Y
LP101942,Male,Yes,0,Graduate,No,8824,1039,153,360,1,Rural,N
LP101943,Male,Yes,2,Graduate,No,12582,2851,450,360,1,Rural,Y
LP101944,Female,Yes,0,Graduate,No,5404,0,221,360,1,Rural,Y
LP101945,Female,No,0,Graduate,No,8427,346,272,360,1,Semiurban,Y
LP101946,Male,Yes,0,Not Graduate,No,6257,1848,216,300,1,Rural,Y
LP101947,Female,Yes,1,Graduate,No,4299,0,120,360,0,Semiurban,N
LP101948,Male,No,0,Graduate,No,2051,815,75,360,1,Semiurban,N
LP101949,Female,Yes,1,Not Graduate,No,11279,459,149,360,1,Semiurban,Y
LP101950,Female,Yes,0,Graduate,No,3123,2043,143,360,1,Urban,N
LP101951,Male,No,0,Graduate,Yes,10034,874,357,360,1,Semiurban,Y
LP101952,Female,No,0,Not Graduate,No,6685,0,187,360,1,Rural,N
LP101953,Female,No,0,Graduate,No,3234,341,128,300,1,Urban,Y
LP101954,Female,Yes,0,Not Graduate,No,6001,358,196,360,1,Urban,N
LP101955,Female,Yes,1,Graduate,No,14383,0,219,360,0,Semiurban,Y
LP101956,Male,No,1,Graduate,No,10798,699,239,360,1,Urban,Y
LP101957,Male,No,0,Graduate,No,4040,1372,138,300,0,Rural,N
LP101958,Female,Yes,1,Graduate,No,3671,1114,118,240,1,Urban,Y
LP101959,Female,Yes,0,Not Graduate,No,5421,0,146,240,1,Rural,N
LP101960,Female,Yes,0,Graduate,No,4772,994,115,180,1,Semiurban,Y
LP101961,Male,Yes,0,Graduate,No,9190,1449,246,180,0,Rural,N
LP101962,Male,No,1,Graduate,No,7369,210,155,240,1,Urban,N
LP101963,Male,Yes,0,Graduate,Yes,2293,2918,126,180,1,Rural,Y
LP101964,Female,Yes,1,Graduate,No,6439,3340,313,360,1,Rural,Y
LP101965,Male,Yes,0,Not Graduate,No,4741,495,99,300,0,Rural,N
LP101966,Female,Yes,2,Graduate,No,5260,0,155,300,1,Urban,Y
LP101967,Female,Yes,0,Not Graduate,No,5823,723,135,360,1,Rural,Y
LP101968,Male,Yes,1,Graduate,No,9186,1457,147,240,0,Semiurban,Y
LP101969,Male,Yes,2,Graduate,No,8261,382,226,360,0,Semiurban,Y
LP101970,Male,No,0,Graduate,No,3605,0,154,360,1,Urban,N
LP101971,Female,Yes,0,Graduate,No,5023,5310,237,300,1,Rural,Y
LP101972,Female,Yes,1,Graduate,Yes,4166,1485,144,360,1,Urban,Y
LP101973,Male,Yes,3+,Graduate,No,2305,1261,89,300,0,Semiurban,N
LP101974,Male,Yes,3+,Not Graduate,No,4903,0,101,300,1,Rural,Y
LP101975,Male,Yes,0,Not Graduate,No,12525,1283,442,360,1,Rural,Y
LP101976,Male,Yes,2,Not Graduate,No,2272,0,48,300,1,Rural,N
LP101977,Female,Yes,0,Not Graduate,Yes,5107,0,158,360,0,Semiurban,Y
LP101978,Female,Yes,0,Not Graduate,No,5029,2311,248,360,1,Rural,N
LP101979,Male,No,1,Graduate,No,5932,448,183,120,1,Urban,N
LP101980,Female,Yes,1,Graduate,No,3255,434,72,240,1,Semiurban,N
LP101981,Male,Yes,1,Not Graduate,No,2607,0,55,360,0,Rural,N
LP101982,Female,Yes,2,Not Graduate,Yes,2666,0,51,120,0,Semiurban,N
LP101983,Male,Yes,0,Not Graduate,No,9787,570,253,360,1,Rural,Y
LP101984,Female,Yes,1,Not Graduate,No,3224,0,86,360,1,Rural,Y
LP101985,Female,Yes,0,Graduate,Yes,4065,1613,142,360,1,Semiurban,Y
LP101986,Male,Yes,0,Not Graduate,No,14189,0,283,300,1,Rural,Y
LP101987,Female,Yes,0,Not Graduate,No,3632,0,96,300,1,Rural,N
LP101988,Female,No,3+,Graduate,No,6090,95,106,360,1,Urban,Y
LP101989,Male,No,1,Not Graduate,No,8610,0,204,360,1,Semiurban,Y
LP101990,Male,No,0,Graduate,No,8413,628,203,360,1,Urban,N
LP101991,Female,Yes,1,Not Graduate,No,2727,1584,140,360,1,Rural,N
LP101992,Male,Yes,3+,Graduate,No,3669,0,146,240,0,Urban,N
LP101993,Male,Yes,3+,Not Graduate,No,5974,527,191,300,1,Semiurban,Y
LP101994,Male,Yes,1,Graduate,No,13042,824,429,360,1,Rural,N
LP101995,Female,Yes,0,Graduate,No,3585,1362,108,360,1,Urban,Y
LP101996,Male,Yes,1,Graduate,No,4077,0,146,360,1,Rural,Y
LP101997,Male,Yes,2,Graduate,No,6320,1686,147,360,1,Semiurban,Y
LP101998,Female,Yes,2,Graduate,No,6957,266,198,360,0,Urban,N
LP101999,Male,Yes,2,Not Graduate,No,7162,0,196,360,1,Semiurban,Y
